-- phpMyAdmin SQL Dump
-- version 5.0.4
-- https://www.phpmyadmin.net/
--
-- Host: 127.0.0.1
-- Generation Time: Jan 08, 2021 at 05:46 PM
-- Server version: 10.4.17-MariaDB
-- PHP Version: 8.0.0

SET SQL_MODE = "NO_AUTO_VALUE_ON_ZERO";
START TRANSACTION;
SET time_zone = "+00:00";


/*!40101 SET @OLD_CHARACTER_SET_CLIENT=@@CHARACTER_SET_CLIENT */;
/*!40101 SET @OLD_CHARACTER_SET_RESULTS=@@CHARACTER_SET_RESULTS */;
/*!40101 SET @OLD_COLLATION_CONNECTION=@@COLLATION_CONNECTION */;
/*!40101 SET NAMES utf8mb4 */;

--
-- Database: `store`
--

-- --------------------------------------------------------

--
-- Table structure for table `brand`
--

CREATE TABLE `brand` (
  `BrandID` int(11) NOT NULL,
  `Name` varchar(45) NOT NULL,
  `Package` varchar(45) DEFAULT NULL
) ENGINE=InnoDB DEFAULT CHARSET=utf8;

--
-- Dumping data for table `brand`
--

INSERT INTO `brand` (`BrandID`, `Name`, `Package`) VALUES
(0, '', ''),
(1, 'Nike', 'Gold'),
(2, 'Khadi', 'Silver'),
(3, 'Bonanza', 'Silver'),
(4, 'Adidas', 'Bronze'),
(5, 'Khaas', 'Silver'),
(6, 'Polo', 'Gold'),
(7, 'Bata', 'Silver'),
(8, 'Apple', 'Gold');

-- --------------------------------------------------------

--
-- Table structure for table `brands`
--

CREATE TABLE `brands` (
  `brand_id` int(11) NOT NULL,
  `brand_name` varchar(255) NOT NULL,
  `Package` varchar(45) NOT NULL,
  `brand_active` int(11) NOT NULL DEFAULT 0,
  `brand_status` int(11) NOT NULL DEFAULT 0
) ENGINE=InnoDB DEFAULT CHARSET=latin1;

--
-- Dumping data for table `brands`
--

INSERT INTO `brands` (`brand_id`, `brand_name`, `Package`, `brand_active`, `brand_status`) VALUES
(1, 'Nike', 'Gold', 1, 1),
(2, 'Khaadi', 'Silver', 1, 1),
(3, 'Bonanza', 'Silver', 1, 1),
(4, 'Adidas', 'Bronze', 1, 1),
(5, 'Khaas', 'Silver', 1, 1),
(6, 'Polo', 'Gold', 1, 1),
(7, 'Bata', 'Silver', 1, 1),
(8, 'Apple', 'Gold', 1, 1);

-- --------------------------------------------------------

--
-- Table structure for table `categories`
--

CREATE TABLE `categories` (
  `categories_id` int(11) NOT NULL,
  `categories_name` varchar(255) NOT NULL,
  `categories_active` int(11) NOT NULL DEFAULT 0,
  `categories_status` int(11) NOT NULL DEFAULT 0
) ENGINE=InnoDB DEFAULT CHARSET=latin1;

-- --------------------------------------------------------

--
-- Table structure for table `consumer`
--

CREATE TABLE `consumer` (
  `ConsumerID` int(11) NOT NULL,
  `Name` varchar(45) NOT NULL,
  `Type` varchar(45) NOT NULL,
  `Device_name` varchar(45) NOT NULL
) ENGINE=InnoDB DEFAULT CHARSET=utf8;

--
-- Dumping data for table `consumer`
--

INSERT INTO `consumer` (`ConsumerID`, `Name`, `Type`, `Device_name`) VALUES
(1, 'Abdullah', 'Customer', 'Iphone X'),
(2, 'Talha', 'Customer', 'Iphone 11'),
(3, 'Shariq', 'Employee', 'Iphone 7'),
(4, 'Omer', 'Employee', 'Samsung s9'),
(5, 'Arsam', 'Customer', 'Samsung A9'),
(6, 'Furqan', 'Customer', 'Redmi Note'),
(7, 'Moazam', 'Customer', 'Iphone 12'),
(8, 'Farooq', 'Customer', 'Samsun Note');

-- --------------------------------------------------------

--
-- Table structure for table `data`
--

CREATE TABLE `data` (
  `Serialno` int(11) NOT NULL,
  `Date` date NOT NULL,
  `Time` varchar(45) NOT NULL,
  `MAC` varchar(45) NOT NULL,
  `NodeID` int(11) NOT NULL,
  `ConsumerID` int(11) NOT NULL
) ENGINE=InnoDB DEFAULT CHARSET=utf8;

--
-- Dumping data for table `data`
--

INSERT INTO `data` (`Serialno`, `Date`, `Time`, `MAC`, `NodeID`, `ConsumerID`) VALUES
(1, '2020-11-23', '2:47:30 PM', '44:c3:46:4c:d7:c5', 2, 3),
(3, '2020-11-23', '2:47:56 PM', 'c8:3a:35:45:92:48', 2, 2),
(4, '2020-11-23', '2:48:01 PM', '7e:67:a2:a8:3f:5e', 2, 1),
(5, '2020-11-23', '2:48:31 PM', 'ca:3a:35:45:92:49', 2, 5),
(6, '2020-11-23', '2:48:36 PM', 'd8:47:32:f3:89:08', 2, 4),
(7, '2020-11-23', '2:48:43 PM', 'c8:3a:35:45:92:48', 2, 2),
(8, '2020-11-23', '2:48:48 PM', '7e:67:a2:a8:3f:5e', 2, 1),
(9, '2020-11-23', '2:49:12 PM', 'a4:07:b6:13:20:1f', 2, 5),
(10, '2020-11-23', '2:49:31 PM', 'ca:3a:35:45:92:49', 2, 5),
(11, '2020-11-23', '2:49:36 PM', 'd8:47:32:f3:89:08', 2, 4),
(12, '2020-11-23', '2:49:55 PM', 'a4:07:b6:13:20:1f', 2, 5),
(13, '2020-11-23', '2:50:15 PM', 'ca:3a:35:45:92:49', 2, 5),
(14, '2020-11-23', '2:50:29 PM', 'c8:3a:35:45:92:48', 2, 2),
(15, '2020-11-23', '2:50:39 PM', '7e:67:a2:a8:3f:5e', 2, 1),
(16, '2020-11-23', '2:51:18 PM', 'a4:07:b6:13:20:1f', 2, 6),
(17, '2020-11-23', '2:51:30 PM', '44:c3:46:4c:d7:c5', 2, 3),
(18, '2020-11-23', '2:51:34 PM', 'ca:3a:35:45:92:49', 2, 7),
(19, '2020-11-23', '2:51:54 PM', 'c8:3a:35:45:92:48', 2, 2),
(20, '2020-11-23', '2:51:57 PM', '7e:67:a2:a8:3f:5e', 2, 1),
(21, '2020-11-23', '2:53:36 PM', 'a4:07:b6:13:20:1f', 2, 8),
(22, '2020-11-23', '2:53:46 PM', 'ca:3a:35:45:92:49', 2, 7),
(23, '2020-11-23', '2:54:13 PM', 'c8:3a:35:45:92:48', 2, 2),
(24, '2020-11-23', '3:00:52 PM', 'c8:3a:35:45:92:48', 2, 2),
(25, '2020-11-23', '3:00:56 PM', 'ca:3a:35:45:92:49', 2, 7),
(26, '2020-11-23', '3:00:59 PM', '7e:67:a2:a8:3f:5e', 2, 1),
(27, '2020-11-23', '3:01:10 PM', '7c:67:a2:94:c1:18', 2, 7),
(28, '2020-11-23', '3:01:18 PM', 'c8:3a:35:45:92:48', 2, 2),
(29, '2020-11-23', '3:01:26 PM', 'ca:3a:35:45:92:49', 2, 4),
(30, '2020-11-23', '3:01:29 PM', '7e:67:a2:a8:3f:5e', 2, 1),
(31, '2020-11-23', '3:14:05 PM', '44:c3:46:4c:d7:c5', 2, 3),
(32, '2020-11-23', '3:14:11 PM', 'd8:47:32:f3:89:08', 2, 4),
(33, '2020-11-23', '3:14:15 PM', '7e:67:a2:a8:3f:5e', 2, 1),
(34, '2020-11-23', '3:14:24 PM', 'c8:3a:35:45:92:48', 2, 2),
(35, '2020-11-23', '3:14:28 PM', 'ca:3a:35:45:92:49', 2, 8),
(36, '2020-11-23', '3:14:47 PM', '44:c3:46:4c:d7:c5', 2, 3),
(37, '2020-11-23', '3:14:50 PM', 'd8:47:32:f3:89:08', 2, 4),
(38, '2020-11-23', '3:15:07 PM', '7e:67:a2:a8:3f:5e', 2, 1),
(39, '2020-11-23', '3:15:11 PM', 'c8:3a:35:45:92:48', 2, 2),
(40, '2020-11-23', '3:15:16 PM', 'ca:3a:35:45:92:49', 2, 4),
(41, '2020-11-23', '3:16:39 PM', '44:c3:46:4c:d7:c5', 2, 3),
(42, '2020-11-23', '3:16:43 PM', '7e:67:a2:a8:3f:5e', 2, 1),
(43, '2020-11-23', '3:16:50 PM', 'c8:3a:35:45:92:48', 2, 2),
(44, '2020-11-23', '3:16:54 PM', 'ca:3a:35:45:92:49', 2, 6),
(45, '2020-11-23', '3:17:04 PM', '98:f4:ab:dc:a4:34', 3, 6),
(46, '2020-11-23', '3:17:06 PM', '98:f4:ab:dc:a7:95', 2, 4),
(47, '2020-11-23', '3:17:07 PM', '44:c3:46:4c:d7:c5', 3, 3),
(48, '2020-11-23', '3:17:10 PM', 'd8:47:32:f3:89:08', 2, 4),
(49, '2020-11-23', '3:17:13 PM', '7e:67:a2:a8:3f:5e', 2, 1),
(50, '2020-11-23', '3:17:27 PM', 'c8:3a:35:45:92:48', 3, 2),
(51, '2020-11-23', '3:17:30 PM', '98:f4:ab:dc:a7:95', 2, 6),
(52, '2020-11-23', '3:17:35 PM', '44:c3:46:4c:d7:c5', 2, 3),
(53, '2020-11-23', '3:17:40 PM', 'd8:47:32:f3:89:08', 2, 4),
(54, '2020-11-23', '3:17:48 PM', '7e:67:a2:a8:3f:5e', 2, 1),
(55, '2020-11-23', '3:17:51 PM', '98:f4:ab:dc:a4:34', 3, 6),
(56, '2020-11-23', '3:17:51 PM', 'c8:3a:35:01:c2:68', 2, 4),
(57, '2020-11-23', '3:17:54 PM', '44:c3:46:4c:d7:c5', 3, 3),
(58, '2020-11-23', '3:17:57 PM', 'd8:47:32:f3:89:08', 3, 4),
(59, '2020-11-23', '3:17:58 PM', 'c8:3a:35:45:92:48', 2, 2),
(60, '2020-11-23', '3:18:00 PM', '7e:67:a2:a8:3f:5e', 3, 1),
(61, '2020-11-23', '3:18:02 PM', 'ca:3a:35:45:92:49', 2, 4),
(62, '2020-11-23', '3:35:41 PM', '1c:cd:e5:46:a9:48', 4, 6),
(63, '2020-11-23', '3:48:06 PM', '54:ef:92:5f:d5:c1', 4, 1),
(64, '2020-11-23', '3:48:10 PM', 'f4:f2:6d:19:e0:2b', 4, 1),
(65, '2020-11-23', '3:48:24 PM', '54:ef:92:5f:d5:c1', 4, 2),
(66, '2020-11-23', '3:48:28 PM', 'f4:f2:6d:19:e0:2b', 4, 3),
(67, '2020-11-23', '3:48:31 PM', '54:b1:21:4f:9f:9a', 4, 4),
(68, '2020-11-23', '3:48:42 PM', '54:ef:92:5f:d5:c1', 4, 5),
(69, '2020-11-23', '3:48:46 PM', 'f4:f2:6d:19:e0:2b', 4, 6),
(70, '2020-11-23', '3:48:50 PM', 'da:a1:19:74:90:71', 4, 7),
(71, '2020-11-23', '3:48:54 PM', 'da:a1:19:1a:83:d6', 4, 8),
(72, '2020-11-23', '3:48:57 PM', '92:40:fb:33:ec:97', 4, 1),
(73, '2020-11-23', '3:49:02 PM', '54:b1:21:4f:9f:9a', 4, 2),
(74, '2020-11-23', '3:49:15 PM', '54:ef:92:5f:d5:c1', 4, 3),
(75, '2020-11-23', '3:49:18 PM', 'f4:f2:6d:19:e0:2b', 4, 4),
(76, '2020-11-23', '3:49:22 PM', 'da:a1:19:74:90:71', 4, 5),
(77, '2020-11-23', '3:52:28 PM', '3a:d2:6b:4e:f9:70', 4, 6),
(78, '2020-11-23', '3:52:31 PM', '7c:67:a2:94:c1:18', 4, 7),
(79, '2020-11-23', '3:52:35 PM', '54:b1:21:4f:9f:9a', 4, 8),
(80, '2020-11-23', '3:52:49 PM', '3a:d2:6b:4e:f9:70', 4, 1),
(81, '2020-11-23', '3:52:53 PM', '7c:67:a2:94:c1:18', 4, 2),
(82, '2020-11-23', '3:54:04 PM', 'fc:42:03:02:38:c2', 4, 3),
(83, '2020-11-23', '3:54:08 PM', '92:40:fb:33:ec:97', 4, 4),
(84, '2020-11-23', '3:54:20 PM', 'aa:f4:17:aa:ed:3b', 4, 5),
(85, '2020-11-23', '3:54:23 PM', 'fc:42:03:02:38:c2', 4, 6),
(86, '2020-11-23', '3:54:27 PM', '92:40:fb:33:ec:97', 4, 7),
(87, '2020-11-23', '3:54:42 PM', 'aa:f4:17:aa:ed:3b', 4, 8),
(88, '2020-11-23', '3:54:45 PM', '60:ab:67:d3:3b:f0', 4, 1),
(89, '2020-11-23', '3:54:49 PM', 'fc:42:03:02:38:c2', 4, 2),
(90, '2020-11-23', '3:55:03 PM', 'aa:f4:17:aa:ed:3b', 4, 3),
(91, '2020-11-23', '3:55:06 PM', '0c:5b:8f:27:9a:64', 4, 4),
(92, '2020-11-23', '3:55:10 PM', '60:ab:67:d3:3b:f0', 4, 5),
(93, '2020-11-23', '3:55:13 PM', 'f2:f1:fd:80:66:d3', 4, 6),
(94, '2020-11-23', '3:55:16 PM', '22:af:ea:2b:ce:07', 4, 7),
(95, '2020-11-23', '3:55:20 PM', 'fc:42:03:02:38:c2', 4, 8),
(96, '2020-11-23', '3:55:23 PM', '92:40:fb:33:ec:97', 4, 1),
(97, '2020-11-23', '3:55:26 PM', '54:b1:21:4f:9f:9a', 4, 2),
(98, '2020-11-23', '3:55:37 PM', 'aa:f4:17:aa:ed:3b', 4, 3),
(99, '2020-11-23', '3:55:40 PM', '0c:5b:8f:27:9a:64', 4, 4),
(100, '2020-11-23', '3:55:43 PM', '60:ab:67:d3:3b:f0', 4, 5),
(101, '2020-11-23', '3:55:47 PM', 'f2:f1:fd:80:66:d3', 4, 6),
(102, '2020-11-23', '3:55:50 PM', '22:af:ea:2b:ce:07', 4, 7),
(103, '2020-11-23', '3:55:53 PM', 'fc:42:03:02:38:c2', 4, 8),
(104, '2020-11-23', '3:55:56 PM', '54:b1:21:4f:9f:9a', 4, 1),
(105, '2020-11-23', '3:55:59 PM', '88:83:22:70:31:b4', 4, 2),
(106, '2020-11-23', '3:56:12 PM', 'aa:f4:17:aa:ed:3b', 4, 3),
(107, '2020-11-23', '3:56:15 PM', '60:ab:67:d3:3b:f0', 4, 4),
(108, '2020-11-23', '3:56:18 PM', 'f2:f1:fd:80:66:d3', 4, 5),
(109, '2020-11-23', '3:56:21 PM', '22:af:ea:2b:ce:07', 4, 6),
(110, '2020-11-23', '3:56:32 PM', 'aa:f4:17:aa:ed:3b', 4, 7),
(111, '2020-11-23', '3:56:35 PM', '60:ab:67:d3:3b:f0', 4, 8),
(112, '2020-11-23', '3:56:38 PM', 'f2:f1:fd:80:66:d3', 4, 1),
(113, '2020-11-23', '3:56:42 PM', '22:af:ea:2b:ce:07', 4, 2),
(114, '2020-11-23', '3:56:45 PM', 'fc:42:03:02:38:c2', 4, 3),
(115, '2020-11-23', '3:56:56 PM', 'aa:f4:17:aa:ed:3b', 4, 4),
(116, '2020-11-23', '3:57:03 PM', '60:ab:67:d3:3b:f0', 4, 5),
(117, '2020-11-23', '3:57:06 PM', 'f2:f1:fd:80:66:d3', 4, 6),
(118, '2020-11-23', '3:57:13 PM', '22:af:ea:2b:ce:07', 4, 7),
(119, '2020-11-23', '3:57:24 PM', 'aa:f4:17:aa:ed:3b', 4, 8),
(120, '2020-11-23', '3:57:28 PM', '60:ab:67:d3:3b:f0', 4, 1),
(121, '2020-11-23', '3:57:31 PM', 'f2:f1:fd:80:66:d3', 4, 2),
(122, '2020-11-23', '3:57:35 PM', '22:af:ea:2b:ce:07', 4, 3),
(123, '2020-11-23', '3:57:38 PM', '54:b1:21:4f:9f:9a', 4, 4),
(124, '2020-11-23', '3:57:50 PM', 'aa:f4:17:aa:ed:3b', 4, 5),
(125, '2020-11-23', '3:57:53 PM', '60:ab:67:d3:3b:f0', 4, 6),
(126, '2020-11-23', '3:58:01 PM', 'f2:f1:fd:80:66:d3', 4, 7),
(127, '2020-11-23', '3:58:07 PM', '22:af:ea:2b:ce:07', 4, 8),
(128, '2020-11-23', '3:58:10 PM', 'fc:42:03:02:38:c2', 4, 1),
(129, '2020-11-23', '3:58:21 PM', 'aa:f4:17:aa:ed:3b', 4, 2),
(130, '2020-11-23', '3:58:25 PM', '60:ab:67:d3:3b:f0', 4, 3),
(131, '2020-11-23', '3:58:29 PM', 'f2:f1:fd:80:66:d3', 4, 4),
(132, '2020-11-23', '3:58:33 PM', '22:af:ea:2b:ce:07', 4, 5),
(133, '2020-11-23', '3:58:38 PM', 'fc:42:03:02:38:c2', 4, 6),
(134, '2020-11-23', '3:58:54 PM', 'f4:f2:6d:19:e0:2b', 4, 7),
(135, '2020-11-23', '3:58:58 PM', 'aa:f4:17:aa:ed:3b', 4, 8),
(136, '2020-11-23', '3:59:01 PM', '60:ab:67:d3:3b:f0', 4, 1),
(137, '2020-11-23', '3:59:04 PM', 'f2:f1:fd:80:66:d3', 4, 2),
(138, '2020-11-23', '3:59:07 PM', '22:af:ea:2b:ce:07', 4, 3),
(139, '2020-11-23', '3:59:11 PM', '54:b1:21:4f:9f:9a', 4, 4),
(140, '2020-11-23', '3:59:22 PM', 'f4:f2:6d:19:e0:2b', 4, 5),
(141, '2020-11-23', '3:59:26 PM', 'aa:f4:17:aa:ed:3b', 4, 6),
(142, '2020-11-23', '3:59:29 PM', '60:ab:67:d3:3b:f0', 4, 7),
(143, '2020-11-23', '3:59:33 PM', 'f2:f1:fd:80:66:d3', 4, 8),
(144, '2020-11-23', '3:59:36 PM', '22:af:ea:2b:ce:07', 4, 1),
(145, '2020-11-23', '3:59:39 PM', '54:b1:21:4f:9f:9a', 4, 2),
(146, '2020-11-23', '3:59:42 PM', '88:83:22:70:31:b4', 4, 3),
(147, '2020-11-23', '3:59:57 PM', 'f4:f2:6d:19:e0:2b', 4, 4),
(148, '2020-11-23', '4:00:00 PM', 'aa:f4:17:aa:ed:3b', 4, 5),
(149, '2020-11-23', '4:00:03 PM', '60:ab:67:d3:3b:f0', 4, 6),
(150, '2020-11-23', '4:00:13 PM', 'f2:f1:fd:80:66:d3', 4, 7),
(151, '2020-11-23', '4:00:17 PM', '22:af:ea:2b:ce:07', 4, 8),
(152, '2020-11-23', '4:00:20 PM', '54:b1:21:4f:9f:9a', 4, 1),
(153, '2020-11-23', '4:00:31 PM', 'aa:f4:17:aa:ed:3b', 4, 2),
(154, '2020-11-23', '4:00:48 PM', 'f2:f1:fd:80:66:d3', 4, 3),
(155, '2020-11-23', '4:00:51 PM', '22:af:ea:2b:ce:07', 4, 4),
(156, '2020-11-23', '4:00:55 PM', '88:83:22:70:31:b4', 4, 5),
(157, '2020-11-23', '4:01:08 PM', 'aa:f4:17:aa:ed:3b', 4, 6),
(158, '2020-11-23', '4:01:13 PM', '60:ab:67:d3:3b:f0', 4, 7),
(159, '2020-11-23', '4:01:16 PM', 'f2:f1:fd:80:66:d3', 4, 8),
(160, '2020-11-23', '4:01:19 PM', '22:af:ea:2b:ce:07', 4, 1),
(161, '2020-11-23', '4:01:23 PM', 'fc:42:03:02:38:c2', 4, 2),
(162, '2020-11-23', '4:01:27 PM', '88:83:22:70:31:b4', 4, 3),
(163, '2020-11-23', '4:01:42 PM', 'aa:f4:17:aa:ed:3b', 4, 4),
(164, '2020-11-23', '4:01:49 PM', '60:ab:67:d3:3b:f0', 4, 5),
(165, '2020-11-23', '4:01:53 PM', 'f2:f1:fd:80:66:d3', 4, 6),
(166, '2020-11-23', '4:01:56 PM', '22:af:ea:2b:ce:07', 4, 7),
(167, '2020-11-23', '4:02:00 PM', 'fc:42:03:02:38:c2', 4, 8),
(168, '2020-11-23', '4:02:04 PM', '54:b1:21:4f:9f:9a', 4, 1),
(169, '2020-11-23', '4:02:07 PM', '88:83:22:70:31:b4', 4, 2),
(170, '2020-11-23', '4:02:22 PM', 'aa:f4:17:aa:ed:3b', 4, 3),
(171, '2020-11-23', '4:02:26 PM', '60:ab:67:d3:3b:f0', 4, 4),
(172, '2020-11-23', '4:02:29 PM', 'f2:f1:fd:80:66:d3', 4, 5),
(173, '2020-11-23', '4:02:32 PM', '22:af:ea:2b:ce:07', 4, 6),
(174, '2020-11-23', '4:02:36 PM', 'fc:42:03:02:38:c2', 4, 7),
(175, '2020-11-23', '4:02:49 PM', 'aa:f4:17:aa:ed:3b', 4, 8),
(176, '2020-11-23', '4:02:52 PM', '60:ab:67:d3:3b:f0', 4, 1),
(177, '2020-11-23', '4:02:56 PM', 'f2:f1:fd:80:66:d3', 4, 2),
(178, '2020-11-23', '4:02:59 PM', '22:af:ea:2b:ce:07', 4, 3),
(179, '2020-11-23', '4:03:02 PM', '66:a6:d9:40:f1:b4', 4, 4),
(180, '2020-11-23', '4:03:06 PM', 'fc:42:03:02:38:c2', 4, 5),
(181, '2020-11-23', '4:03:09 PM', '54:b1:21:4f:9f:9a', 4, 6),
(182, '2020-11-23', '4:03:21 PM', 'aa:f4:17:aa:ed:3b', 4, 7),
(183, '2020-11-23', '4:03:24 PM', '60:ab:67:d3:3b:f0', 4, 8),
(184, '2020-11-23', '4:03:27 PM', 'f2:f1:fd:80:66:d3', 4, 1),
(185, '2020-11-23', '4:03:31 PM', '22:af:ea:2b:ce:07', 4, 2),
(186, '2020-11-23', '4:03:34 PM', '66:a6:d9:40:f1:b4', 4, 3),
(187, '2020-11-23', '4:03:37 PM', 'fc:42:03:02:38:c2', 4, 4),
(188, '2020-11-23', '4:03:53 PM', 'aa:f4:17:aa:ed:3b', 4, 5),
(189, '2020-11-23', '4:03:56 PM', '60:ab:67:d3:3b:f0', 4, 6),
(190, '2020-11-23', '4:04:00 PM', 'f2:f1:fd:80:66:d3', 4, 7),
(191, '2020-11-23', '4:04:03 PM', '22:af:ea:2b:ce:07', 4, 8),
(192, '2020-11-23', '4:04:07 PM', '66:a6:d9:40:f1:b4', 4, 1),
(193, '2020-11-23', '4:04:20 PM', 'aa:f4:17:aa:ed:3b', 4, 2),
(194, '2020-11-23', '4:04:23 PM', '60:ab:67:d3:3b:f0', 4, 3),
(195, '2020-11-23', '4:04:26 PM', 'f2:f1:fd:80:66:d3', 4, 4),
(196, '2020-11-23', '4:04:30 PM', '22:af:ea:2b:ce:07', 4, 5),
(197, '2020-11-23', '4:04:33 PM', '66:a6:d9:40:f1:b4', 4, 6),
(198, '2020-11-23', '4:04:37 PM', 'fc:42:03:02:38:c2', 4, 7),
(199, '2020-11-23', '4:04:52 PM', 'aa:f4:17:aa:ed:3b', 4, 8),
(200, '2020-11-23', '4:04:55 PM', '60:ab:67:d3:3b:f0', 4, 1),
(201, '2020-11-23', '4:05:00 PM', 'f2:f1:fd:80:66:d3', 4, 2),
(202, '2020-11-23', '4:05:03 PM', '22:af:ea:2b:ce:07', 4, 3),
(203, '2020-11-23', '4:05:41 PM', '66:a6:d9:40:f1:b4', 4, 4),
(204, '2020-11-23', '4:05:45 PM', 'fc:42:03:02:38:c2', 4, 5),
(205, '2020-11-23', '4:05:48 PM', '88:83:22:70:31:b4', 4, 6),
(206, '2020-11-23', '4:06:03 PM', 'aa:f4:17:aa:ed:3b', 4, 7),
(207, '2020-11-23', '4:06:21 PM', '60:ab:67:d3:3b:f0', 4, 8),
(208, '2020-11-23', '4:06:24 PM', 'f2:f1:fd:80:66:d3', 4, 1),
(209, '2020-11-23', '4:06:28 PM', '22:af:ea:2b:ce:07', 4, 2),
(210, '2020-11-23', '4:06:31 PM', '66:a6:d9:40:f1:b4', 4, 3),
(211, '2020-11-23', '4:06:34 PM', 'fc:42:03:02:38:c2', 4, 4),
(212, '2020-11-23', '4:06:38 PM', '54:b1:21:4f:9f:9a', 4, 5),
(213, '2020-11-23', '4:06:49 PM', 'aa:f4:17:aa:ed:3b', 4, 6),
(214, '2020-11-23', '4:06:52 PM', '60:ab:67:d3:3b:f0', 4, 7),
(215, '2020-11-23', '4:06:55 PM', 'f2:f1:fd:80:66:d3', 4, 8),
(216, '2020-11-23', '4:06:58 PM', '22:af:ea:2b:ce:07', 4, 1),
(217, '2020-11-23', '4:07:05 PM', '66:a6:d9:40:f1:b4', 4, 2),
(218, '2020-11-23', '4:07:18 PM', 'f4:f2:6d:19:e0:2b', 4, 3),
(219, '2020-11-23', '4:07:22 PM', 'aa:f4:17:aa:ed:3b', 4, 4),
(220, '2020-11-23', '4:07:25 PM', '60:ab:67:d3:3b:f0', 4, 5),
(221, '2020-11-23', '4:07:29 PM', 'f2:f1:fd:80:66:d3', 4, 6),
(222, '2020-11-23', '4:07:32 PM', '22:af:ea:2b:ce:07', 4, 7),
(223, '2020-11-23', '4:07:36 PM', 'fc:42:03:02:38:c2', 4, 8),
(224, '2020-11-23', '4:07:39 PM', '54:b1:21:4f:9f:9a', 4, 1),
(225, '2020-11-23', '4:07:52 PM', 'f4:f2:6d:19:e0:2b', 4, 2),
(226, '2020-11-23', '4:07:56 PM', '60:ab:67:d3:3b:f0', 4, 3),
(227, '2020-11-23', '4:07:59 PM', 'f2:f1:fd:80:66:d3', 4, 4),
(228, '2020-11-23', '4:08:02 PM', '22:af:ea:2b:ce:07', 4, 5),
(229, '2020-11-23', '4:08:05 PM', 'fc:42:03:02:38:c2', 4, 6),
(230, '2020-11-23', '4:08:08 PM', '88:83:22:70:31:b4', 4, 7),
(231, '2020-11-23', '4:08:19 PM', 'f4:f2:6d:19:e0:2b', 4, 8),
(232, '2020-11-23', '4:08:22 PM', '60:ab:67:d3:3b:f0', 4, 1),
(233, '2020-11-23', '4:08:26 PM', 'f2:f1:fd:80:66:d3', 4, 2),
(234, '2020-11-23', '4:08:29 PM', '22:af:ea:2b:ce:07', 4, 3),
(235, '2020-11-23', '4:08:33 PM', 'fc:42:03:02:38:c2', 4, 4),
(236, '2020-11-23', '4:08:36 PM', '54:b1:21:4f:9f:9a', 4, 5),
(237, '2020-11-23', '4:08:50 PM', '60:ab:67:d3:3b:f0', 4, 6),
(238, '2020-11-23', '4:08:53 PM', 'f2:f1:fd:80:66:d3', 4, 7),
(239, '2020-11-23', '4:08:58 PM', '22:af:ea:2b:ce:07', 4, 8),
(240, '2020-11-23', '4:09:02 PM', 'fc:42:03:02:38:c2', 4, 1),
(241, '2020-11-23', '4:09:19 PM', '60:ab:67:d3:3b:f0', 4, 2),
(242, '2020-11-23', '4:09:30 PM', 'f2:f1:fd:80:66:d3', 4, 3),
(243, '2020-11-23', '4:09:34 PM', '22:af:ea:2b:ce:07', 4, 4),
(244, '2020-11-23', '4:09:38 PM', '2a:ad:35:9e:a4:06', 4, 5),
(245, '2020-11-23', '4:09:41 PM', 'fc:42:03:02:38:c2', 4, 6),
(246, '2020-11-23', '4:09:44 PM', '44:c3:46:4c:d7:c5', 3, 7),
(247, '2020-11-23', '4:09:53 PM', 'f4:f2:6d:19:e0:2b', 4, 8),
(248, '2020-11-23', '4:09:57 PM', '60:ab:67:d3:3b:f0', 4, 1),
(249, '2020-11-23', '4:10:00 PM', 'f2:f1:fd:80:66:d3', 4, 2),
(250, '2020-11-23', '4:10:04 PM', '22:af:ea:2b:ce:07', 4, 3),
(251, '2020-11-23', '4:10:08 PM', '2a:ad:35:9e:a4:06', 4, 4),
(252, '2020-11-23', '4:10:10 PM', 'ae:01:00:89:db:6d', 3, 5),
(253, '2020-11-23', '4:10:18 PM', 'f4:f2:6d:19:e0:2b', 4, 6),
(254, '2020-11-23', '4:10:20 PM', '80:79:5d:93:4b:a1', 3, 7),
(255, '2020-11-23', '4:10:21 PM', 'f2:f1:fd:80:66:d3', 4, 8),
(256, '2020-11-23', '4:10:27 PM', '22:af:ea:2b:ce:07', 4, 1),
(257, '2020-11-23', '4:10:30 PM', '2a:ad:35:9e:a4:06', 4, 2),
(258, '2020-11-23', '4:10:44 PM', 'f4:f2:6d:19:e0:2b', 4, 3),
(259, '2020-11-23', '4:10:48 PM', '22:af:ea:2b:ce:07', 4, 4),
(260, '2020-11-23', '4:10:51 PM', '2a:ad:35:9e:a4:06', 4, 5),
(261, '2020-11-23', '4:11:09 PM', 'f4:f2:6d:19:e0:2b', 4, 6),
(262, '2020-11-23', '4:11:13 PM', '2a:ad:35:9e:a4:06', 4, 7),
(263, '2020-11-23', '4:11:17 PM', 'fc:42:03:02:38:c2', 4, 8),
(264, '2020-11-23', '4:11:33 PM', 'f4:f2:6d:19:e0:2b', 4, 1),
(265, '2020-11-23', '4:11:36 PM', '2a:ad:35:9e:a4:06', 4, 2),
(266, '2020-11-23', '4:11:39 PM', 'fc:42:03:02:38:c2', 4, 3),
(267, '2020-11-23', '4:11:52 PM', '2a:ad:35:9e:a4:06', 4, 4),
(268, '2020-11-23', '4:11:55 PM', '54:ef:92:5f:d5:c1', 4, 5),
(269, '2020-11-23', '4:11:58 PM', 'fc:42:03:02:38:c2', 4, 6),
(270, '2020-11-23', '4:12:10 PM', '2a:ad:35:9e:a4:06', 4, 7),
(271, '2020-11-23', '4:12:13 PM', '54:ef:92:5f:d5:c1', 4, 8),
(272, '2020-11-23', '4:12:24 PM', '2a:ad:35:9e:a4:06', 4, 1),
(273, '2020-11-23', '4:12:27 PM', '54:ef:92:5f:d5:c1', 4, 2),
(274, '2020-11-23', '4:12:40 PM', '2a:ad:35:9e:a4:06', 4, 3),
(275, '2020-11-23', '4:12:43 PM', '54:ef:92:5f:d5:c1', 4, 4),
(276, '2020-11-23', '4:12:56 PM', '2a:ad:35:9e:a4:06', 4, 5),
(277, '2020-11-23', '4:13:00 PM', '54:ef:92:5f:d5:c1', 4, 6),
(278, '2020-11-23', '4:13:03 PM', 'fc:42:03:02:38:c2', 4, 7),
(279, '2020-11-23', '4:13:16 PM', '2a:ad:35:9e:a4:06', 4, 8),
(280, '2020-11-23', '4:13:22 PM', '54:ef:92:5f:d5:c1', 4, 1),
(281, '2020-11-23', '4:13:25 PM', 'fc:42:03:02:38:c2', 4, 2),
(282, '2020-11-23', '4:13:37 PM', '2a:ad:35:9e:a4:06', 4, 3),
(283, '2020-11-23', '4:13:40 PM', '54:ef:92:5f:d5:c1', 4, 4),
(284, '2020-11-23', '4:13:43 PM', 'fc:42:03:02:38:c2', 4, 5),
(285, '2020-11-23', '4:13:59 PM', '2a:ad:35:9e:a4:06', 4, 6),
(286, '2020-11-23', '4:14:03 PM', '54:ef:92:5f:d5:c1', 4, 7),
(287, '2020-11-23', '4:14:07 PM', 'fc:42:03:02:38:c2', 4, 8),
(288, '2020-11-23', '4:14:17 PM', '2a:ad:35:9e:a4:06', 4, 1),
(289, '2020-11-23', '4:14:21 PM', '86:66:ff:83:e2:81', 4, 2),
(290, '2020-11-23', '4:14:24 PM', '54:ef:92:5f:d5:c1', 4, 3),
(291, '2020-11-23', '4:14:28 PM', 'fc:42:03:02:38:c2', 4, 4),
(292, '2020-11-23', '4:14:38 PM', 'f4:f2:6d:19:e0:2b', 4, 5),
(293, '2020-11-23', '4:14:42 PM', '2a:ad:35:9e:a4:06', 4, 6),
(294, '2020-11-23', '4:14:45 PM', '86:66:ff:83:e2:81', 4, 7),
(295, '2020-11-23', '4:14:48 PM', '54:ef:92:5f:d5:c1', 4, 8),
(296, '2020-11-23', '4:14:52 PM', '00:87:01:3d:6f:f0', 4, 1),
(297, '2020-11-23', '4:14:55 PM', 'fc:42:03:02:38:c2', 4, 2),
(298, '2020-11-23', '4:15:05 PM', 'f4:f2:6d:19:e0:2b', 4, 3),
(299, '2020-11-23', '4:15:09 PM', '2a:ad:35:9e:a4:06', 4, 4),
(300, '2020-11-23', '4:15:12 PM', '86:66:ff:83:e2:81', 4, 5),
(301, '2020-11-23', '4:15:15 PM', '54:ef:92:5f:d5:c1', 4, 6),
(302, '2020-11-23', '4:15:18 PM', '00:87:01:3d:6f:f0', 4, 7),
(303, '2020-11-23', '4:15:22 PM', 'fc:42:03:02:38:c2', 4, 8),
(304, '2020-11-23', '4:15:32 PM', 'f4:f2:6d:19:e0:2b', 4, 3),
(305, '2020-11-23', '4:15:36 PM', '2a:ad:35:9e:a4:06', 4, 4),
(306, '2020-11-23', '4:15:39 PM', '86:66:ff:83:e2:81', 4, 5),
(307, '2020-11-23', '4:15:43 PM', '54:ef:92:5f:d5:c1', 4, 6),
(308, '2020-11-23', '4:15:48 PM', '00:87:01:3d:6f:f0', 4, 7),
(309, '2020-11-23', '4:15:52 PM', 'fc:42:03:02:38:c2', 4, 8),
(310, '2020-11-23', '4:16:02 PM', '2a:ad:35:9e:a4:06', 4, 1),
(311, '2020-11-23', '4:16:06 PM', '86:66:ff:83:e2:81', 4, 2),
(312, '2020-11-23', '4:16:09 PM', '54:ef:92:5f:d5:c1', 4, 3),
(313, '2020-11-23', '4:16:12 PM', '00:87:01:3d:6f:f0', 4, 4),
(314, '2020-11-23', '4:16:15 PM', 'fc:42:03:02:38:c2', 4, 5),
(315, '2020-11-23', '4:16:26 PM', '2a:ad:35:9e:a4:06', 4, 6),
(316, '2020-11-23', '4:16:29 PM', '86:66:ff:83:e2:81', 4, 7),
(317, '2020-11-23', '4:16:32 PM', '54:ef:92:5f:d5:c1', 4, 8),
(318, '2020-11-23', '4:16:35 PM', '00:87:01:3d:6f:f0', 4, 1),
(319, '2020-11-23', '4:16:49 PM', '2a:ad:35:9e:a4:06', 4, 2),
(320, '2020-11-23', '4:16:52 PM', '86:66:ff:83:e2:81', 4, 3),
(321, '2020-11-23', '4:16:55 PM', '54:ef:92:5f:d5:c1', 4, 4),
(322, '2020-11-23', '4:16:58 PM', '00:87:01:3d:6f:f0', 4, 5),
(323, '2020-11-23', '4:17:09 PM', 'f4:f2:6d:19:e0:2b', 4, 6),
(324, '2020-11-23', '4:17:13 PM', '2a:ad:35:9e:a4:06', 4, 7),
(325, '2020-11-23', '4:17:16 PM', '86:66:ff:83:e2:81', 4, 8),
(326, '2020-11-23', '4:17:19 PM', '54:ef:92:5f:d5:c1', 4, 1),
(327, '2020-11-23', '4:17:23 PM', '00:87:01:3d:6f:f0', 4, 2),
(328, '2020-11-23', '4:17:36 PM', 'f4:f2:6d:19:e0:2b', 4, 3),
(329, '2020-11-23', '4:17:39 PM', '2a:ad:35:9e:a4:06', 4, 4),
(330, '2020-11-23', '4:17:43 PM', '86:66:ff:83:e2:81', 4, 5),
(331, '2020-11-23', '4:17:46 PM', '54:ef:92:5f:d5:c1', 4, 6),
(332, '2020-11-23', '4:17:49 PM', '00:87:01:3d:6f:f0', 4, 7),
(333, '2020-11-23', '4:18:00 PM', 'f4:f2:6d:19:e0:2b', 4, 8),
(334, '2020-11-23', '4:18:03 PM', '2a:ad:35:9e:a4:06', 4, 1),
(335, '2020-11-23', '4:18:06 PM', '86:66:ff:83:e2:81', 4, 2),
(336, '2020-11-23', '4:18:10 PM', '54:ef:92:5f:d5:c1', 4, 3),
(337, '2020-11-23', '4:18:13 PM', '00:87:01:3d:6f:f0', 4, 4),
(338, '2020-11-23', '4:18:23 PM', 'f4:f2:6d:19:e0:2b', 4, 5),
(339, '2020-11-23', '4:18:27 PM', '2a:ad:35:9e:a4:06', 4, 6),
(340, '2020-11-23', '4:18:30 PM', '86:66:ff:83:e2:81', 4, 7),
(341, '2020-11-23', '4:18:33 PM', '54:ef:92:5f:d5:c1', 4, 8),
(342, '2020-11-23', '4:18:36 PM', '00:87:01:3d:6f:f0', 4, 1),
(343, '2020-11-23', '4:18:47 PM', 'f4:f2:6d:19:e0:2b', 4, 2),
(344, '2020-11-23', '4:18:50 PM', '2a:ad:35:9e:a4:06', 4, 3),
(345, '2020-11-23', '4:18:54 PM', '86:66:ff:83:e2:81', 4, 4),
(346, '2020-11-23', '4:18:58 PM', '54:ef:92:5f:d5:c1', 4, 5),
(347, '2020-11-23', '4:19:01 PM', '00:87:01:3d:6f:f0', 4, 6),
(348, '2020-11-23', '4:19:04 PM', 'fc:42:03:02:38:c2', 4, 7),
(349, '2020-11-23', '4:19:15 PM', 'f4:f2:6d:19:e0:2b', 4, 8),
(350, '2020-11-23', '4:19:18 PM', '2a:ad:35:9e:a4:06', 4, 1),
(351, '2020-11-23', '4:19:21 PM', '86:66:ff:83:e2:81', 4, 2),
(352, '2020-11-23', '4:19:24 PM', '54:ef:92:5f:d5:c1', 4, 3),
(353, '2020-11-23', '4:19:28 PM', '00:87:01:3d:6f:f0', 4, 4),
(354, '2020-11-23', '4:19:32 PM', 'fc:42:03:02:38:c2', 4, 5),
(355, '2020-11-23', '4:19:43 PM', 'f4:f2:6d:19:e0:2b', 4, 6),
(356, '2020-11-23', '4:19:48 PM', '2a:ad:35:9e:a4:06', 4, 7),
(357, '2020-11-23', '4:19:51 PM', '86:66:ff:83:e2:81', 4, 8),
(358, '2020-11-23', '4:19:54 PM', '54:ef:92:5f:d5:c1', 4, 1),
(359, '2020-11-23', '4:19:58 PM', '00:87:01:3d:6f:f0', 4, 2),
(360, '2020-11-23', '4:20:14 PM', 'fc:42:03:02:38:c2', 4, 3),
(361, '2020-11-23', '4:20:24 PM', 'fc:42:03:02:38:c2', 4, 4),
(362, '2020-11-23', '4:20:37 PM', 'fc:42:03:02:38:c2', 4, 5),
(363, '2020-11-23', '4:20:48 PM', 'f4:f2:6d:19:e0:2b', 4, 6),
(364, '2020-11-23', '4:20:51 PM', 'fc:42:03:02:38:c2', 4, 7),
(365, '2020-11-23', '4:21:04 PM', 'f4:f2:6d:19:e0:2b', 4, 8),
(366, '2020-11-23', '4:21:14 PM', 'f4:f2:6d:19:e0:2b', 4, 1),
(367, '2020-11-23', '4:21:25 PM', 'f4:f2:6d:19:e0:2b', 4, 2),
(368, '2020-11-23', '4:21:28 PM', 'fc:42:03:02:38:c2', 4, 3),
(369, '2020-11-23', '4:21:39 PM', 'fc:42:03:02:38:c2', 4, 4),
(370, '2020-11-23', '4:21:50 PM', 'fc:42:03:02:38:c2', 4, 5),
(371, '2020-11-23', '4:22:16 PM', 'da:a1:19:8b:3f:de', 4, 6),
(372, '2020-11-23', '4:22:23 PM', 'da:a1:19:83:c9:44', 4, 7),
(373, '2020-11-23', '4:22:27 PM', 'da:a1:19:64:e1:5c', 4, 8),
(374, '2020-11-23', '4:22:30 PM', 'fc:42:03:02:38:c2', 4, 1),
(375, '2020-11-23', '4:22:41 PM', 'f4:f2:6d:19:e0:2b', 4, 2),
(376, '2020-11-23', '4:22:44 PM', 'da:a1:19:8b:3f:de', 4, 3),
(377, '2020-11-23', '4:22:48 PM', 'da:a1:19:83:c9:44', 4, 4),
(378, '2020-11-23', '4:22:51 PM', 'da:a1:19:64:e1:5c', 4, 5),
(379, '2020-11-23', '4:23:01 PM', 'da:a1:19:8b:3f:de', 4, 6),
(380, '2020-11-23', '4:23:05 PM', 'da:a1:19:83:c9:44', 4, 7),
(381, '2020-11-23', '4:23:09 PM', 'da:a1:19:64:e1:5c', 4, 8),
(382, '2020-11-23', '4:23:12 PM', 'fc:42:03:02:38:c2', 4, 1),
(383, '2020-11-23', '4:23:22 PM', 'da:a1:19:8b:3f:de', 4, 2),
(384, '2020-11-23', '4:23:25 PM', 'da:a1:19:83:c9:44', 4, 3),
(385, '2020-11-23', '4:23:29 PM', 'da:a1:19:64:e1:5c', 4, 4),
(386, '2020-11-23', '4:23:39 PM', 'da:a1:19:8b:3f:de', 4, 5),
(387, '2020-11-23', '4:23:42 PM', 'da:a1:19:83:c9:44', 4, 6),
(388, '2020-11-23', '4:23:45 PM', 'da:a1:19:64:e1:5c', 4, 7),
(389, '2020-11-23', '4:23:57 PM', 'da:a1:19:8b:3f:de', 4, 8),
(390, '2020-11-23', '4:24:00 PM', 'da:a1:19:83:c9:44', 4, 1),
(391, '2020-11-23', '4:24:03 PM', 'da:a1:19:64:e1:5c', 4, 2),
(392, '2020-11-23', '4:24:14 PM', 'da:a1:19:8b:3f:de', 4, 3),
(393, '2020-11-23', '4:24:17 PM', 'da:a1:19:83:c9:44', 4, 4),
(394, '2020-11-23', '4:24:21 PM', 'da:a1:19:64:e1:5c', 4, 5),
(395, '2020-11-23', '4:24:24 PM', 'fc:42:03:02:38:c2', 4, 6),
(396, '2020-11-23', '4:24:36 PM', 'da:a1:19:8b:3f:de', 4, 7),
(397, '2020-11-23', '4:24:40 PM', 'da:a1:19:83:c9:44', 4, 8),
(398, '2020-11-23', '4:24:43 PM', 'da:a1:19:64:e1:5c', 4, 1),
(399, '2020-11-23', '4:24:46 PM', 'fc:42:03:02:38:c2', 4, 2),
(400, '2020-11-23', '4:24:57 PM', 'da:a1:19:8b:3f:de', 4, 3),
(401, '2020-11-23', '4:25:01 PM', 'da:a1:19:83:c9:44', 4, 4),
(402, '2020-11-23', '4:25:04 PM', 'da:a1:19:64:e1:5c', 4, 5),
(403, '2020-11-23', '4:25:14 PM', 'da:a1:19:8b:3f:de', 4, 6),
(404, '2020-11-23', '4:25:18 PM', 'da:a1:19:83:c9:44', 4, 7),
(405, '2020-11-23', '4:25:21 PM', 'da:a1:19:64:e1:5c', 4, 8),
(406, '2020-11-23', '4:25:24 PM', 'fc:42:03:02:38:c2', 4, 1),
(407, '2020-11-23', '4:25:35 PM', 'da:a1:19:8b:3f:de', 4, 2),
(408, '2020-11-23', '4:25:38 PM', 'da:a1:19:83:c9:44', 4, 3),
(409, '2020-11-23', '4:25:42 PM', 'da:a1:19:64:e1:5c', 4, 4),
(410, '2020-11-23', '4:25:45 PM', 'fc:42:03:02:38:c2', 4, 5),
(411, '2020-11-23', '4:25:55 PM', 'da:a1:19:8b:3f:de', 4, 6),
(412, '2020-11-23', '4:25:58 PM', 'da:a1:19:83:c9:44', 4, 7),
(413, '2020-11-23', '4:26:01 PM', 'da:a1:19:64:e1:5c', 4, 8),
(414, '2020-11-23', '4:26:05 PM', 'fc:42:03:02:38:c2', 4, 1),
(415, '2020-11-23', '4:29:34 PM', 'fc:42:03:02:38:c2', 4, 2),
(416, '2020-11-23', '4:29:48 PM', 'da:a1:19:8b:3f:de', 4, 3),
(417, '2020-11-23', '4:29:55 PM', 'da:a1:19:83:c9:44', 4, 4),
(418, '2020-11-23', '4:29:58 PM', 'da:a1:19:64:e1:5c', 4, 5),
(419, '2020-11-23', '4:31:32 PM', 'da:a1:19:64:e1:5c', 4, 6),
(420, '2020-11-23', '4:32:32 PM', 'da:a1:19:83:c9:44', 4, 7),
(421, '2020-11-23', '4:32:35 PM', 'da:a1:19:64:e1:5c', 4, 8),
(422, '2020-11-23', '4:32:39 PM', '98:f4:ab:dc:c5:bb', 4, 1),
(423, '2020-11-23', '4:32:42 PM', 'fc:42:03:02:38:c2', 4, 2),
(424, '2020-11-23', '4:32:52 PM', 'da:a1:19:8b:3f:de', 4, 3),
(425, '2020-11-23', '4:32:55 PM', 'da:a1:19:83:c9:44', 4, 4),
(426, '2020-11-23', '4:32:58 PM', 'da:a1:19:64:e1:5c', 4, 5),
(427, '2020-11-23', '4:33:02 PM', '98:f4:ab:dc:c5:bb', 4, 6),
(428, '2020-11-23', '4:33:17 PM', 'da:a1:19:8b:3f:de', 4, 7),
(429, '2020-11-23', '4:33:20 PM', 'da:a1:19:83:c9:44', 4, 8),
(430, '2020-11-23', '4:33:23 PM', 'da:a1:19:64:e1:5c', 4, 1),
(431, '2020-11-23', '4:33:27 PM', '98:f4:ab:dc:c5:bb', 4, 2),
(432, '2020-11-23', '4:33:30 PM', 'fc:42:03:02:38:c2', 4, 3),
(433, '2020-11-23', '4:33:40 PM', 'f4:f2:6d:19:e0:2b', 4, 4),
(434, '2020-11-23', '4:33:44 PM', 'da:a1:19:8b:3f:de', 4, 5),
(435, '2020-11-23', '4:33:47 PM', 'da:a1:19:83:c9:44', 4, 6),
(436, '2020-11-23', '4:33:50 PM', 'da:a1:19:64:e1:5c', 4, 7),
(437, '2020-11-23', '4:33:53 PM', '98:f4:ab:dc:c5:bb', 4, 8),
(438, '2020-11-23', '4:33:56 PM', 'fc:42:03:02:38:c2', 4, 3),
(439, '2020-11-23', '4:34:09 PM', 'f4:f2:6d:19:e0:2b', 4, 4),
(440, '2020-11-23', '4:34:12 PM', 'da:a1:19:83:c9:44', 4, 5),
(441, '2020-11-23', '4:34:16 PM', 'da:a1:19:64:e1:5c', 4, 6),
(442, '2020-11-23', '4:34:19 PM', '98:f4:ab:dc:c5:bb', 4, 7),
(443, '2020-11-23', '4:34:30 PM', 'f4:f2:6d:19:e0:2b', 4, 8),
(444, '2020-11-23', '4:34:33 PM', 'da:a1:19:83:c9:44', 4, 1),
(445, '2020-11-23', '4:34:36 PM', 'da:a1:19:64:e1:5c', 4, 2),
(446, '2020-11-23', '4:34:40 PM', '98:f4:ab:dc:c5:bb', 4, 3),
(447, '2020-11-23', '4:34:54 PM', 'f4:f2:6d:19:e0:2b', 4, 4),
(448, '2020-11-23', '4:34:57 PM', 'da:a1:19:64:e1:5c', 4, 5),
(449, '2020-11-23', '4:35:01 PM', '98:f4:ab:dc:c5:bb', 4, 6),
(450, '2020-11-23', '4:35:13 PM', 'f4:f2:6d:19:e0:2b', 4, 7),
(451, '2020-11-23', '4:35:16 PM', '98:f4:ab:dc:c5:bb', 4, 8),
(452, '2020-11-23', '4:35:20 PM', 'fc:42:03:02:38:c2', 4, 1),
(453, '2020-11-23', '4:35:30 PM', 'f4:f2:6d:19:e0:2b', 4, 2),
(454, '2020-11-23', '4:35:33 PM', '98:f4:ab:dc:c5:bb', 4, 3),
(455, '2020-11-23', '4:35:37 PM', 'fc:42:03:02:38:c2', 4, 4),
(456, '2020-11-23', '4:35:52 PM', 'f4:f2:6d:19:e0:2b', 4, 5),
(457, '2020-11-23', '4:36:00 PM', '98:f4:ab:dc:c5:bb', 4, 6),
(458, '2020-11-23', '4:36:03 PM', 'fc:42:03:02:38:c2', 4, 7),
(459, '2020-11-23', '4:36:14 PM', 'f4:f2:6d:19:e0:2b', 4, 8),
(460, '2020-11-23', '4:36:18 PM', '98:f4:ab:dc:c5:bb', 4, 1),
(461, '2020-11-23', '4:36:31 PM', 'f4:f2:6d:19:e0:2b', 4, 2),
(462, '2020-11-23', '4:36:34 PM', '98:f4:ab:dc:c5:bb', 4, 3),
(463, '2020-11-23', '4:36:46 PM', 'f4:f2:6d:19:e0:2b', 4, 4),
(464, '2020-11-23', '4:36:49 PM', '98:f4:ab:dc:c5:bb', 4, 5),
(465, '2020-11-23', '4:36:58 PM', '98:f4:ab:dc:c5:bb', 4, 6),
(466, '2020-11-23', '4:37:01 PM', 'fc:42:03:02:38:c2', 4, 7),
(467, '2020-11-23', '4:37:12 PM', '98:f4:ab:dc:c5:bb', 4, 8),
(468, '2020-11-23', '4:37:15 PM', 'fc:42:03:02:38:c2', 4, 1),
(469, '2020-11-23', '4:37:26 PM', '98:f4:ab:dc:c5:bb', 4, 2),
(470, '2020-11-23', '4:37:38 PM', '98:f4:ab:dc:c5:bb', 4, 3),
(471, '2020-11-23', '4:37:50 PM', 'f4:f2:6d:19:e0:2b', 4, 4),
(472, '2020-11-23', '4:37:53 PM', '98:f4:ab:dc:c5:bb', 4, 5),
(473, '2020-11-23', '4:38:03 PM', 'f4:f2:6d:19:e0:2b', 4, 6),
(474, '2020-11-23', '4:38:06 PM', '98:f4:ab:dc:c5:bb', 4, 7),
(475, '2020-11-23', '4:38:10 PM', 'fc:42:03:02:38:c2', 4, 8),
(476, '2020-11-23', '4:38:20 PM', '98:f4:ab:dc:c5:bb', 4, 1),
(477, '2020-11-23', '4:38:31 PM', '98:f4:ab:dc:c5:bb', 4, 2),
(478, '2020-11-23', '4:38:47 PM', 'fc:42:03:02:38:c2', 4, 3),
(479, '2020-11-23', '4:38:58 PM', 'fc:42:03:02:38:c2', 4, 4),
(480, '2020-11-23', '4:39:24 PM', 'fc:42:03:02:38:c2', 4, 5),
(481, '2020-11-23', '4:39:35 PM', 'fc:42:03:02:38:c2', 4, 6),
(482, '2020-11-23', '4:40:04 PM', 'fc:42:03:02:38:c2', 4, 7),
(483, '2020-11-23', '4:40:22 PM', 'f4:f2:6d:19:e0:2b', 4, 8),
(484, '2020-11-23', '4:40:31 PM', 'f4:f2:6d:19:e0:2b', 4, 1),
(485, '2020-11-23', '4:40:53 PM', '98:f4:ab:dc:c5:bb', 4, 2),
(486, '2020-11-23', '4:41:03 PM', '98:f4:ab:dc:c5:bb', 4, 3),
(487, '2020-11-23', '4:41:14 PM', '98:f4:ab:dc:c5:bb', 4, 4),
(488, '2020-11-23', '5:11:03 PM', '36:a2:1d:90:28:ca', 5, 5),
(489, '2020-11-23', '5:11:06 PM', 'd8:47:32:f3:89:08', 5, 6),
(490, '2020-11-23', '5:11:09 PM', '7e:67:a2:a8:3f:5e', 5, 7),
(491, '2020-11-23', '5:11:12 PM', 'c8:3a:35:45:92:48', 5, 8),
(492, '2020-11-23', '5:11:15 PM', 'ca:3a:35:45:92:49', 5, 1),
(493, '2020-11-23', '5:11:36 PM', '7e:67:a2:a8:3f:5e', 5, 2),
(494, '2020-11-23', '5:11:39 PM', 'ca:3a:35:45:92:49', 5, 3),
(495, '2020-11-23', '5:11:41 PM', 'c8:3a:35:01:c2:68', 5, 4),
(496, '2020-11-23', '5:11:44 PM', 'c8:3a:35:45:92:48', 5, 5),
(497, '2020-11-23', '5:12:00 PM', 'd0:7e:28:d9:7e:29', 5, 6),
(498, '2020-11-23', '5:12:02 PM', 'ac:7b:a1:7a:0f:bc', 5, 7),
(499, '2020-11-23', '5:12:05 PM', 'a4:07:b6:13:20:1f', 5, 8),
(500, '2020-11-23', '5:12:09 PM', '7e:67:a2:a8:3f:5e', 5, 1),
(501, '2020-11-23', '5:12:12 PM', 'c8:3a:35:01:c2:68', 5, 2),
(502, '2020-11-23', '5:12:23 PM', 'd0:7e:28:d9:7e:29', 5, 3),
(503, '2020-11-23', '5:12:26 PM', 'a4:07:b6:13:20:1f', 5, 4),
(504, '2020-11-23', '5:12:28 PM', '7e:67:a2:a8:3f:5e', 5, 5),
(505, '2020-11-23', '5:12:31 PM', 'ca:3a:35:45:92:49', 5, 6),
(506, '2020-11-23', '5:12:36 PM', 'c8:3a:35:01:c2:68', 5, 7),
(507, '2020-11-23', '5:12:51 PM', 'a4:07:b6:13:20:1f', 5, 8),
(508, '2020-11-23', '5:12:54 PM', '7e:67:a2:a8:3f:5e', 5, 1),
(509, '2020-11-23', '5:12:57 PM', 'c8:3a:35:01:c2:68', 5, 2),
(510, '2020-11-23', '5:13:07 PM', 'a4:07:b6:13:20:1f', 5, 3),
(511, '2020-11-23', '5:13:10 PM', '7c:67:a2:a8:3f:5e', 5, 4),
(512, '2020-11-23', '5:13:13 PM', 'e8:65:d4:e3:a7:00', 5, 5),
(513, '2020-11-23', '5:13:16 PM', '7e:67:a2:a8:3f:5e', 5, 6),
(514, '2020-11-23', '5:13:19 PM', 'c8:3a:35:01:c2:68', 5, 7),
(515, '2020-11-23', '5:13:30 PM', '00:23:7d:c2:e9:15', 5, 8),
(516, '2020-11-23', '5:13:35 PM', 'a4:07:b6:13:20:1f', 5, 1),
(517, '2020-11-23', '5:13:38 PM', '7c:67:a2:a8:3f:5e', 5, 2),
(518, '2020-11-23', '5:13:41 PM', 'e8:65:d4:e3:a7:00', 5, 3),
(519, '2020-11-23', '5:13:44 PM', '48:4d:7e:b9:55:c5', 5, 4),
(520, '2020-11-23', '5:13:46 PM', '7e:67:a2:a8:3f:5e', 5, 5),
(521, '2020-11-23', '5:13:50 PM', 'c8:3a:35:01:c2:68', 5, 6),
(522, '2020-11-23', '5:14:04 PM', '00:23:7d:c2:e9:15', 5, 7),
(523, '2020-11-23', '5:14:09 PM', 'a4:07:b6:13:20:1f', 5, 8),
(524, '2020-11-23', '5:14:12 PM', '7c:67:a2:a8:3f:5e', 5, 1),
(525, '2020-11-23', '5:14:20 PM', 'e8:65:d4:e3:a7:00', 5, 2),
(526, '2020-11-23', '5:14:22 PM', '48:4d:7e:b9:55:c5', 5, 3),
(527, '2020-11-23', '5:14:25 PM', '7e:67:a2:a8:3f:5e', 5, 4),
(528, '2020-11-23', '5:14:28 PM', 'c8:3a:35:01:c2:68', 5, 5),
(529, '2020-11-23', '5:14:31 PM', '68:72:51:58:79:61', 5, 6),
(530, '2020-11-23', '5:14:42 PM', 'a4:07:b6:13:20:1f', 5, 7),
(531, '2020-11-23', '5:14:45 PM', '7c:67:a2:a8:3f:5e', 5, 8),
(532, '2020-11-23', '5:14:48 PM', 'e8:65:d4:e3:a7:00', 5, 1),
(533, '2020-11-23', '5:14:58 PM', '48:4d:7e:b9:55:c5', 5, 2),
(534, '2020-11-23', '5:15:02 PM', 'd8:47:32:f3:89:08', 5, 3),
(535, '2020-11-23', '5:15:04 PM', '7e:67:a2:a8:3f:5e', 5, 4),
(536, '2020-11-23', '5:15:08 PM', 'c8:3a:35:01:c2:68', 5, 5),
(537, '2020-11-23', '5:15:23 PM', 'a4:07:b6:13:20:1f', 5, 6),
(538, '2020-11-23', '5:15:26 PM', '7c:67:a2:a8:3f:5e', 5, 7),
(539, '2020-11-23', '5:15:29 PM', 'e8:65:d4:e3:a7:00', 5, 8),
(540, '2020-11-23', '5:15:32 PM', '7e:67:a2:a8:3f:5e', 5, 1),
(541, '2020-11-23', '5:15:34 PM', 'c8:3a:35:01:c2:68', 5, 2),
(542, '2020-11-23', '5:15:45 PM', 'a4:07:b6:13:20:1f', 5, 3),
(543, '2020-11-23', '5:15:48 PM', '7c:67:a2:a8:3f:5e', 5, 4),
(544, '2020-11-23', '5:15:51 PM', 'e8:65:d4:e3:a7:00', 5, 5),
(545, '2020-11-23', '5:15:54 PM', '7e:67:a2:a8:3f:5e', 5, 6),
(546, '2020-11-23', '5:15:56 PM', 'c8:3a:35:01:c2:68', 5, 7),
(547, '2020-11-23', '5:16:10 PM', 'a4:07:b6:13:20:1f', 5, 8),
(548, '2020-11-23', '5:16:13 PM', '7c:67:a2:a8:3f:5e', 5, 1),
(549, '2020-11-23', '5:16:16 PM', 'e8:65:d4:e3:a7:00', 5, 2),
(550, '2020-11-23', '5:16:21 PM', '7e:67:a2:a8:3f:5e', 5, 3),
(551, '2020-11-23', '5:16:24 PM', 'c8:3a:35:01:c2:68', 5, 4),
(552, '2020-11-23', '5:16:35 PM', 'a4:07:b6:13:20:1f', 5, 5),
(553, '2020-11-23', '5:16:37 PM', '7c:67:a2:a8:3f:5e', 5, 6),
(554, '2020-11-23', '5:16:41 PM', 'e8:65:d4:e3:a7:00', 5, 7),
(555, '2020-11-23', '5:16:44 PM', '7e:67:a2:a8:3f:5e', 5, 8),
(556, '2020-11-23', '5:16:47 PM', 'c8:3a:35:01:c2:68', 5, 1),
(557, '2020-11-23', '5:16:57 PM', 'a4:07:b6:13:20:1f', 5, 2),
(558, '2020-11-23', '5:17:00 PM', '7c:67:a2:a8:3f:5e', 5, 3),
(559, '2020-11-23', '5:17:03 PM', 'e8:65:d4:e3:a7:00', 5, 4),
(560, '2020-11-23', '5:17:06 PM', '7e:67:a2:a8:3f:5e', 5, 5),
(561, '2020-11-23', '5:17:09 PM', 'c8:3a:35:01:c2:68', 5, 6),
(562, '2020-11-23', '5:17:12 PM', '68:72:51:58:79:61', 5, 7),
(563, '2020-11-23', '5:17:21 PM', '00:23:7d:c2:e9:15', 5, 8),
(564, '2020-11-23', '5:17:24 PM', 'ac:7b:a1:7a:0f:bc', 5, 1),
(565, '2020-11-23', '5:17:26 PM', 'a4:07:b6:13:20:1f', 5, 2),
(566, '2020-11-23', '5:17:32 PM', '7c:67:a2:a8:3f:5e', 5, 3),
(567, '2020-11-23', '5:17:35 PM', 'e8:65:d4:e3:a7:00', 5, 4),
(568, '2020-11-23', '5:17:37 PM', '7e:67:a2:a8:3f:5e', 5, 5),
(569, '2020-11-23', '5:17:40 PM', 'c8:3a:35:01:c2:68', 5, 6),
(570, '2020-11-23', '5:17:51 PM', '00:23:7d:c2:e9:15', 6, 7),
(571, '2020-11-23', '5:17:54 PM', 'ac:7b:a1:7a:0f:bc', 6, 8),
(572, '2020-11-23', '5:17:58 PM', 'a4:07:b6:13:20:1f', 6, 3),
(573, '2020-11-23', '5:18:13 PM', 'e8:65:d4:e3:a7:00', 6, 4),
(574, '2020-11-23', '5:18:16 PM', '7e:67:a2:a8:3f:5e', 6, 2),
(575, '2020-11-23', '5:18:19 PM', 'c8:3a:35:01:c2:68', 6, 1),
(576, '2020-11-23', '5:18:22 PM', '68:72:51:58:79:61', 6, 5),
(577, '2020-11-23', '5:18:36 PM', 'ac:7b:a1:7a:0f:bc', 6, 4),
(578, '2020-11-23', '5:18:39 PM', 'a4:07:b6:13:20:1f', 6, 2),
(579, '2020-11-23', '5:18:42 PM', '7c:67:a2:a8:3f:5e', 6, 1),
(580, '2020-11-23', '5:18:45 PM', '7e:67:a2:a8:3f:5e', 6, 5),
(581, '2020-11-23', '5:18:47 PM', 'c8:3a:35:01:c2:68', 6, 5),
(582, '2020-11-23', '5:18:58 PM', 'a4:07:b6:13:20:1f', 6, 4),
(583, '2020-11-23', '5:19:01 PM', '7c:67:a2:a8:3f:5e', 6, 5),
(584, '2020-11-23', '5:19:05 PM', 'd8:47:32:f3:89:08', 6, 5),
(585, '2020-11-23', '5:19:10 PM', '7e:67:a2:a8:3f:5e', 6, 2),
(586, '2020-11-23', '5:19:12 PM', 'c8:3a:35:01:c2:68', 6, 1),
(587, '2020-11-23', '5:19:23 PM', 'a4:07:b6:13:20:1f', 6, 6),
(588, '2020-11-23', '5:19:26 PM', '7c:67:a2:a8:3f:5e', 6, 3),
(589, '2020-11-23', '5:19:29 PM', '7e:67:a2:a8:3f:5e', 6, 7),
(590, '2020-11-23', '5:19:31 PM', 'c8:3a:35:01:c2:68', 6, 2),
(591, '2020-11-23', '5:19:34 PM', 'c8:3a:35:45:92:48', 6, 1),
(592, '2020-11-23', '5:19:45 PM', 'a4:07:b6:13:20:1f', 6, 8),
(593, '2020-11-23', '5:19:48 PM', '7c:67:a2:a8:3f:5e', 6, 7),
(594, '2020-11-23', '5:19:50 PM', '7e:67:a2:a8:3f:5e', 6, 2),
(595, '2020-11-23', '5:19:53 PM', 'c8:3a:35:01:c2:68', 6, 2),
(596, '2020-11-23', '5:20:04 PM', 'a4:07:b6:13:20:1f', 6, 7),
(597, '2020-11-23', '5:20:07 PM', '7c:67:a2:a8:3f:5e', 6, 1),
(598, '2020-11-23', '5:20:09 PM', '7e:67:a2:a8:3f:5e', 6, 7),
(599, '2020-11-23', '5:20:12 PM', 'ca:3a:35:45:92:49', 6, 2),
(600, '2020-11-23', '5:20:15 PM', 'c8:3a:35:01:c2:68', 6, 4),
(601, '2020-11-23', '5:20:26 PM', 'a4:07:b6:13:20:1f', 6, 1),
(602, '2020-11-23', '5:20:29 PM', '7c:67:a2:a8:3f:5e', 6, 3),
(603, '2020-11-23', '5:20:31 PM', '7e:67:a2:a8:3f:5e', 6, 4),
(604, '2020-11-23', '5:20:34 PM', 'c8:3a:35:01:c2:68', 6, 1),
(605, '2020-11-23', '5:20:45 PM', 'd0:7e:28:d9:7e:29', 6, 2),
(606, '2020-11-23', '5:20:48 PM', 'a4:07:b6:13:20:1f', 6, 8),
(607, '2020-11-23', '5:20:50 PM', '7c:67:a2:a8:3f:5e', 6, 3),
(608, '2020-11-23', '5:20:53 PM', '7e:67:a2:a8:3f:5e', 6, 4),
(609, '2020-11-23', '5:20:56 PM', 'c8:3a:35:01:c2:68', 6, 1),
(610, '2020-11-23', '5:20:59 PM', '68:72:51:58:79:61', 6, 2),
(611, '2020-11-23', '5:21:10 PM', '00:23:7d:c2:e9:15', 6, 4),
(612, '2020-11-23', '5:21:14 PM', 'd0:7e:28:d9:7e:29', 6, 3),
(613, '2020-11-23', '5:21:16 PM', 'a4:07:b6:13:20:1f', 6, 1),
(614, '2020-11-23', '5:21:19 PM', '7c:67:a2:a8:3f:5e', 6, 2),
(615, '2020-11-23', '5:21:22 PM', '7e:67:a2:a8:3f:5e', 6, 6),
(616, '2020-11-23', '5:21:25 PM', 'c8:3a:35:01:c2:68', 6, 6),
(617, '2020-11-23', '5:21:28 PM', '68:72:51:58:79:61', 6, 4),
(618, '2020-11-23', '5:21:43 PM', '00:23:7d:c2:e9:15', 6, 3),
(619, '2020-11-23', '5:21:46 PM', 'a4:07:b6:13:20:1f', 6, 4),
(620, '2020-11-23', '5:21:50 PM', '7c:67:a2:a8:3f:5e', 5, 1),
(621, '2020-11-23', '5:21:53 PM', '7e:67:a2:a8:3f:5e', 7, 2),
(622, '2020-11-23', '5:21:57 PM', 'c8:3a:35:01:c2:68', 7, 6),
(623, '2020-11-23', '5:22:11 PM', '00:23:7d:c2:e9:15', 7, 3),
(624, '2020-11-23', '5:22:14 PM', 'd0:7e:28:d9:7e:29', 7, 4),
(625, '2020-11-23', '5:22:17 PM', 'a4:07:b6:13:20:1f', 7, 1),
(626, '2020-11-23', '5:22:20 PM', '7c:67:a2:a8:3f:5e', 7, 6),
(627, '2020-11-23', '5:22:23 PM', 'c8:3a:35:45:92:48', 7, 4),
(628, '2020-11-23', '5:22:26 PM', '7e:67:a2:a8:3f:5e', 7, 3),
(629, '2020-11-23', '5:22:29 PM', 'c8:3a:35:01:c2:68', 7, 4),
(630, '2020-11-23', '5:22:32 PM', '68:72:51:58:79:61', 7, 2),
(631, '2020-11-23', '5:22:43 PM', '00:23:7d:c2:e9:15', 7, 1),
(632, '2020-11-23', '5:22:45 PM', 'd0:7e:28:d9:7e:29', 7, 4),
(633, '2020-11-23', '5:22:48 PM', 'a4:07:b6:13:20:1f', 7, 6),
(634, '2020-11-23', '5:22:51 PM', '7c:67:a2:a8:3f:5e', 7, 1),
(635, '2020-11-23', '5:22:54 PM', 'c8:3a:35:45:92:48', 7, 1),
(636, '2020-11-23', '5:22:57 PM', '7e:67:a2:a8:3f:5e', 7, 2),
(637, '2020-11-23', '5:23:00 PM', 'c8:3a:35:01:c2:68', 7, 3),
(638, '2020-11-23', '5:23:10 PM', '00:23:7d:c2:e9:15', 7, 4),
(639, '2020-11-23', '5:23:13 PM', 'ac:7b:a1:7a:0f:bc', 7, 5),
(640, '2020-11-23', '5:23:16 PM', 'a4:07:b6:13:20:1f', 7, 6),
(641, '2020-11-23', '5:23:19 PM', '7c:67:a2:a8:3f:5e', 7, 7),
(642, '2020-11-23', '5:23:22 PM', 'c8:3a:35:45:92:48', 7, 8),
(643, '2020-11-23', '5:23:25 PM', '7e:67:a2:a8:3f:5e', 7, 1),
(644, '2020-11-23', '5:23:30 PM', '68:72:51:58:79:61', 7, 3),
(645, '2020-11-23', '5:23:41 PM', '00:23:7d:c2:e9:15', 7, 4),
(646, '2020-11-23', '5:23:43 PM', 'a4:07:b6:13:20:1f', 7, 5),
(647, '2020-11-23', '5:23:46 PM', '7c:67:a2:a8:3f:5e', 7, 6),
(648, '2020-11-23', '5:23:49 PM', 'c8:3a:35:45:92:48', 7, 7),
(649, '2020-11-23', '5:23:52 PM', '7e:67:a2:a8:3f:5e', 7, 8),
(650, '2020-11-23', '5:23:55 PM', '68:72:51:58:79:61', 7, 1),
(651, '2020-11-23', '5:24:06 PM', '00:23:7d:c2:e9:15', 7, 2),
(652, '2020-11-23', '5:24:08 PM', 'd0:7e:28:d9:7e:29', 7, 3),
(653, '2020-11-23', '5:24:11 PM', '7c:67:a2:a8:3f:5e', 7, 4),
(654, '2020-11-23', '5:24:14 PM', 'c8:3a:35:45:92:48', 7, 5),
(655, '2020-11-23', '5:24:17 PM', 'd8:47:32:f3:89:08', 7, 6),
(656, '2020-11-23', '5:24:19 PM', '7e:67:a2:a8:3f:5e', 7, 7),
(657, '2020-11-23', '5:24:22 PM', 'c8:3a:35:01:c2:68', 7, 8),
(658, '2020-11-23', '5:24:36 PM', '00:23:7d:c2:e9:15', 7, 1),
(659, '2020-11-23', '5:24:40 PM', '7c:67:a2:a8:3f:5e', 7, 2),
(660, '2020-11-23', '5:24:43 PM', 'c8:3a:35:45:92:48', 7, 3),
(661, '2020-11-23', '5:24:46 PM', 'd8:47:32:f3:89:08', 7, 4),
(662, '2020-11-23', '5:24:49 PM', '7e:67:a2:a8:3f:5e', 7, 5),
(663, '2020-11-23', '5:24:51 PM', 'c8:3a:35:01:c2:68', 7, 6),
(664, '2020-11-23', '5:25:10 PM', '00:23:7d:c2:e9:15', 7, 7),
(665, '2020-11-23', '5:25:13 PM', 'd0:7e:28:d9:7e:29', 7, 8),
(666, '2020-11-23', '5:25:16 PM', '7c:67:a2:a8:3f:5e', 7, 1),
(667, '2020-11-23', '5:25:19 PM', 'c8:3a:35:45:92:48', 7, 2),
(668, '2020-11-23', '5:25:21 PM', '7e:67:a2:a8:3f:5e', 7, 3),
(669, '2020-11-23', '5:25:24 PM', 'c8:3a:35:01:c2:68', 7, 4),
(670, '2020-11-23', '5:25:35 PM', '00:23:7d:c2:e9:15', 7, 5),
(671, '2020-11-23', '5:25:38 PM', 'c8:3a:35:45:92:48', 8, 6),
(672, '2020-11-23', '5:25:41 PM', 'd8:47:32:f3:89:08', 8, 7),
(673, '2020-11-23', '5:25:43 PM', '7e:67:a2:a8:3f:5e', 8, 8),
(674, '2020-11-23', '5:25:46 PM', 'c8:3a:35:01:c2:68', 8, 1),
(675, '2020-11-23', '5:25:57 PM', 'd0:7e:28:d9:7e:29', 8, 2),
(676, '2020-11-23', '5:26:01 PM', 'c8:3a:35:45:92:48', 8, 3),
(677, '2020-11-23', '5:26:04 PM', '7e:67:a2:a8:3f:5e', 8, 4),
(678, '2020-11-23', '5:26:06 PM', 'c8:3a:35:01:c2:68', 8, 5),
(679, '2020-11-23', '5:26:17 PM', 'd0:7e:28:d9:7e:29', 8, 6),
(680, '2020-11-23', '5:26:20 PM', 'c8:3a:35:45:92:48', 8, 7),
(681, '2020-11-23', '5:26:23 PM', '7e:67:a2:a8:3f:5e', 8, 8),
(682, '2020-11-23', '5:26:26 PM', 'ca:3a:35:45:92:49', 8, 1),
(683, '2020-11-23', '5:26:28 PM', 'c8:3a:35:01:c2:68', 8, 2),
(684, '2020-11-23', '5:26:31 PM', 'c8:3a:35:45:92:48', 8, 3),
(685, '2020-11-23', '5:26:34 PM', '68:72:51:58:79:61', 8, 4),
(686, '2020-11-23', '5:26:45 PM', '00:23:7d:c2:e9:15', 8, 5),
(687, '2020-11-23', '5:26:47 PM', 'd0:7e:28:d9:7e:36', 8, 6),
(688, '2020-11-23', '5:26:50 PM', 'ac:7b:a1:7a:0f:bc', 8, 7),
(689, '2020-11-23', '5:26:53 PM', 'c8:3a:35:45:92:48', 8, 8),
(690, '2020-11-23', '5:26:55 PM', '68:72:51:59:6e:f4', 8, 1),
(691, '2020-11-23', '5:26:58 PM', '7e:67:a2:a8:3f:5e', 8, 2),
(692, '2020-11-23', '5:27:01 PM', 'c8:3a:35:01:c2:68', 8, 3),
(693, '2020-11-23', '5:27:03 PM', '68:72:51:58:79:61', 8, 4),
(694, '2020-11-23', '5:27:14 PM', '00:23:7d:c2:e9:15', 8, 5),
(695, '2020-11-23', '5:27:17 PM', 'd0:7e:28:d9:7e:29', 8, 6),
(696, '2020-11-23', '5:27:20 PM', 'd0:7e:28:d9:7e:36', 8, 7),
(697, '2020-11-23', '5:27:22 PM', 'c8:3a:35:45:92:48', 8, 8),
(698, '2020-11-23', '5:27:26 PM', '68:72:51:59:6e:f4', 8, 1),
(699, '2020-11-23', '5:27:29 PM', '7e:67:a2:a8:3f:5e', 8, 2),
(700, '2020-11-23', '5:27:32 PM', 'ca:3a:35:45:92:49', 8, 3),
(701, '2020-11-23', '5:27:35 PM', 'c8:3a:35:01:c2:68', 8, 4),
(702, '2020-11-23', '5:27:38 PM', '68:72:51:58:79:61', 8, 5),
(703, '2020-11-23', '5:27:52 PM', '00:23:7d:c2:e9:15', 8, 6),
(704, '2020-11-23', '5:27:55 PM', 'c8:3a:35:45:92:48', 8, 7),
(705, '2020-11-23', '5:27:58 PM', '68:72:51:59:6e:f4', 8, 8),
(706, '2020-11-23', '5:28:01 PM', 'd8:47:32:f3:89:08', 8, 1),
(707, '2020-11-23', '5:28:04 PM', '7e:67:a2:a8:3f:5e', 8, 2),
(708, '2020-11-23', '5:28:07 PM', 'c8:3a:35:01:c2:68', 8, 3),
(709, '2020-11-23', '5:28:17 PM', 'c8:3a:35:45:92:48', 8, 4),
(710, '2020-11-23', '5:28:20 PM', '68:72:51:59:6e:f4', 8, 5),
(711, '2020-11-23', '5:28:23 PM', '7e:67:a2:a8:3f:5e', 8, 6),
(712, '2020-11-23', '5:28:26 PM', 'c8:3a:35:01:c2:68', 8, 7),
(713, '2020-11-23', '5:28:37 PM', 'c8:3a:35:45:92:48', 8, 8),
(714, '2020-11-23', '5:28:40 PM', '68:72:51:59:6e:f4', 8, 1),
(715, '2020-11-23', '5:28:42 PM', '7e:67:a2:a8:3f:5e', 8, 2),
(716, '2020-11-23', '5:28:45 PM', 'c8:3a:35:01:c2:68', 8, 3),
(717, '2020-11-23', '5:29:00 PM', 'c8:3a:35:45:92:48', 8, 4),
(718, '2020-11-23', '5:29:02 PM', '68:72:51:59:6e:f4', 8, 5),
(719, '2020-11-23', '5:29:05 PM', '7e:67:a2:a8:3f:5e', 8, 6),
(720, '2020-11-23', '5:29:16 PM', 'c8:3a:35:45:92:48', 8, 7),
(721, '2020-11-23', '5:29:19 PM', '68:72:51:59:6e:f4', 9, 8),
(722, '2020-11-23', '5:29:22 PM', '7e:67:a2:a8:3f:5e', 9, 1),
(723, '2020-11-23', '5:29:25 PM', 'c8:3a:35:01:c2:68', 9, 2),
(724, '2020-11-23', '5:29:41 PM', 'c8:3a:35:45:92:48', 9, 3),
(725, '2020-11-23', '5:29:44 PM', '68:72:51:59:6e:f4', 9, 4),
(726, '2020-11-23', '5:29:47 PM', '7e:67:a2:a8:3f:5e', 9, 5),
(727, '2020-11-23', '5:29:50 PM', 'c8:3a:35:01:c2:68', 9, 6),
(728, '2020-11-23', '5:30:01 PM', 'c8:3a:35:45:92:48', 9, 7),
(729, '2020-11-23', '5:30:04 PM', '68:72:51:59:6e:f4', 9, 8),
(730, '2020-11-23', '5:30:08 PM', '7e:67:a2:a8:3f:5e', 9, 1),
(731, '2020-11-23', '5:30:11 PM', 'c8:3a:35:01:c2:68', 9, 2),
(732, '2020-11-23', '5:30:28 PM', 'c8:3a:35:45:92:48', 9, 3),
(733, '2020-11-23', '5:30:31 PM', '68:72:51:59:6e:f4', 9, 4),
(734, '2020-11-23', '5:30:56 PM', '7e:67:a2:a8:3f:5e', 9, 5),
(735, '2020-11-23', '5:32:11 PM', 'c8:3a:35:01:c2:68', 9, 6),
(736, '2020-11-23', '5:32:45 PM', '3c:33:00:5f:2d:02', 9, 7),
(737, '2020-11-23', '5:32:48 PM', 'c8:3a:35:45:92:48', 9, 8),
(738, '2020-11-23', '5:32:51 PM', '68:72:51:59:6e:f4', 9, 1),
(739, '2020-11-23', '5:32:53 PM', '7e:67:a2:a8:3f:5e', 9, 2),
(740, '2020-11-23', '5:32:57 PM', 'c8:3a:35:01:c2:68', 9, 3),
(741, '2020-11-23', '5:33:08 PM', '3c:33:00:5f:2d:02', 9, 4),
(742, '2020-11-23', '5:33:11 PM', '04:95:e6:a8:ec:f0', 9, 5),
(743, '2020-11-23', '5:33:13 PM', 'c8:3a:35:45:92:48', 9, 6),
(744, '2020-11-23', '5:33:16 PM', '68:72:51:59:6e:f4', 9, 7),
(745, '2020-11-23', '5:33:19 PM', '7c:67:a2:a8:3f:5e', 9, 8),
(746, '2020-11-23', '5:33:22 PM', '7e:67:a2:a8:3f:5e', 9, 1),
(747, '2020-11-23', '5:33:25 PM', 'c8:3a:35:01:c2:68', 9, 2),
(748, '2020-11-23', '5:33:28 PM', '68:72:51:58:79:61', 9, 3),
(749, '2020-11-23', '5:33:43 PM', '00:23:7d:c2:e9:15', 9, 4),
(750, '2020-11-23', '5:33:46 PM', '04:95:e6:a8:ec:f0', 9, 5),
(751, '2020-11-23', '5:33:49 PM', 'c8:3a:35:45:92:48', 9, 6),
(752, '2020-11-23', '5:33:51 PM', '68:72:51:59:6e:f4', 9, 7),
(753, '2020-11-23', '5:33:54 PM', '7c:67:a2:a8:3f:5e', 9, 8),
(754, '2020-11-23', '5:33:57 PM', '7e:67:a2:a8:3f:5e', 9, 1),
(755, '2020-11-23', '5:34:11 PM', '04:95:e6:a8:ec:f0', 9, 2),
(756, '2020-11-23', '5:34:21 PM', 'c8:3a:35:45:92:48', 9, 3),
(757, '2020-11-23', '5:34:24 PM', '68:72:51:59:6e:f4', 9, 4),
(758, '2020-11-23', '5:34:26 PM', '7c:67:a2:a8:3f:5e', 9, 5),
(759, '2020-11-23', '5:34:29 PM', 'b4:99:ba:eb:a3:a2', 9, 6),
(760, '2020-11-23', '5:34:33 PM', '7e:67:a2:a8:3f:5e', 9, 7),
(761, '2020-11-23', '5:34:36 PM', 'c8:3a:35:01:c2:68', 9, 8),
(762, '2020-11-23', '5:34:49 PM', '04:95:e6:a8:ec:f0', 9, 1),
(763, '2020-11-23', '5:34:52 PM', 'c8:3a:35:45:92:48', 9, 2),
(764, '2020-11-23', '5:34:55 PM', '68:72:51:59:6e:f4', 9, 3),
(765, '2020-11-23', '5:34:57 PM', '7c:67:a2:a8:3f:5e', 9, 4),
(766, '2020-11-23', '5:35:00 PM', 'b4:99:ba:eb:a3:a2', 9, 5),
(767, '2020-11-23', '5:35:03 PM', 'd8:47:32:f3:89:08', 9, 6),
(768, '2020-11-23', '5:35:06 PM', '7e:67:a2:a8:3f:5e', 9, 7),
(769, '2020-11-23', '5:35:08 PM', 'c8:3a:35:01:c2:68', 9, 8),
(770, '2020-11-23', '5:35:19 PM', 'd0:7e:28:d9:7e:29', 9, 1),
(771, '2020-11-23', '5:35:24 PM', '04:95:e6:a8:ec:f0', 10, 2),
(772, '2020-11-23', '5:35:27 PM', 'c8:3a:35:45:92:48', 10, 3),
(773, '2020-11-23', '5:35:29 PM', '68:72:51:59:6e:f4', 10, 4),
(774, '2020-11-23', '5:35:35 PM', '7c:67:a2:a8:3f:5e', 10, 5),
(775, '2020-11-23', '5:35:38 PM', 'b4:99:ba:eb:a3:a2', 10, 6),
(776, '2020-11-23', '5:35:42 PM', '7e:67:a2:a8:3f:5e', 10, 7),
(777, '2020-11-23', '5:35:45 PM', 'c8:3a:35:01:c2:68', 10, 8),
(778, '2020-11-23', '5:35:56 PM', '00:23:7d:c2:e9:15', 10, 1),
(779, '2020-11-23', '5:35:59 PM', 'd0:7e:28:d9:7e:29', 10, 2),
(780, '2020-11-23', '5:36:01 PM', '04:95:e6:a8:ec:f0', 10, 3),
(781, '2020-11-23', '5:36:04 PM', '68:72:51:59:6e:f4', 10, 4),
(782, '2020-11-23', '5:36:18 PM', '7c:67:a2:a8:3f:5e', 10, 5),
(783, '2020-11-23', '5:36:21 PM', 'b4:99:ba:eb:a3:a2', 10, 6),
(784, '2020-11-23', '5:36:23 PM', '7e:67:a2:a8:3f:5e', 10, 7),
(785, '2020-11-23', '5:36:26 PM', 'c8:3a:35:01:c2:68', 10, 8),
(786, '2020-11-23', '5:36:41 PM', 'ac:7b:a1:7a:0f:bc', 10, 1),
(787, '2020-11-23', '5:36:44 PM', '04:95:e6:a8:ec:f0', 10, 2),
(788, '2020-11-23', '5:36:47 PM', '68:72:51:59:6e:f4', 10, 3),
(789, '2020-11-23', '5:36:50 PM', '7c:67:a2:a8:3f:5e', 10, 4),
(790, '2020-11-23', '5:36:52 PM', 'b4:99:ba:eb:a3:a2', 10, 5),
(791, '2020-11-23', '5:36:55 PM', '74:c1:7d:7d:78:f7', 10, 6),
(792, '2020-11-23', '5:36:58 PM', '7e:67:a2:a8:3f:5e', 10, 7),
(793, '2020-11-23', '5:37:01 PM', 'ca:3a:35:45:92:49', 10, 8),
(794, '2020-11-23', '5:37:03 PM', 'c8:3a:35:01:c2:68', 10, 1),
(795, '2020-11-23', '5:37:06 PM', 'c8:3a:35:45:92:48', 10, 2),
(796, '2020-11-23', '5:37:09 PM', '68:72:51:58:79:61', 10, 3),
(797, '2020-11-23', '5:37:20 PM', '00:23:7d:c2:e9:15', 10, 4),
(798, '2020-11-23', '5:37:23 PM', 'ac:7b:a1:7a:0f:bc', 10, 5),
(799, '2020-11-23', '5:37:31 PM', '04:95:e6:a8:ec:f0', 10, 6),
(800, '2020-11-23', '5:37:34 PM', '68:72:51:59:6e:f4', 10, 7),
(801, '2020-11-23', '5:37:37 PM', '7c:67:a2:a8:3f:5e', 10, 8),
(802, '2020-11-23', '5:37:41 PM', 'b4:99:ba:eb:a3:a2', 10, 1),
(803, '2020-11-23', '5:37:44 PM', '74:c1:7d:7d:78:f7', 10, 2),
(804, '2020-11-23', '5:37:47 PM', '7e:67:a2:a8:3f:5e', 10, 3),
(805, '2020-11-23', '5:37:50 PM', 'ca:3a:35:45:92:49', 10, 4),
(806, '2020-11-23', '5:37:52 PM', 'c8:3a:35:01:c2:68', 10, 5),
(807, '2020-11-23', '5:38:03 PM', 'ac:7b:a1:7a:0f:bc', 10, 6),
(808, '2020-11-23', '5:38:06 PM', '04:95:e6:a8:ec:f0', 10, 7),
(809, '2020-11-23', '5:38:09 PM', '68:72:51:59:6e:f4', 10, 8),
(810, '2020-11-23', '5:38:12 PM', '7c:67:a2:a8:3f:5e', 10, 1),
(811, '2020-11-23', '5:38:15 PM', 'b4:99:ba:eb:a3:a2', 10, 2),
(812, '2020-11-23', '5:38:18 PM', '74:c1:7d:7d:78:f7', 10, 3),
(813, '2020-11-23', '5:38:21 PM', '7e:67:a2:a8:3f:5e', 10, 4),
(814, '2020-11-23', '5:38:25 PM', 'c8:3a:35:01:c2:68', 10, 5),
(815, '2020-11-23', '5:38:39 PM', 'ac:7b:a1:7a:0f:bc', 10, 6),
(816, '2020-11-23', '5:38:42 PM', '68:72:51:59:6e:f4', 10, 7),
(817, '2020-11-23', '5:38:45 PM', '7c:67:a2:a8:3f:5e', 10, 8),
(818, '2020-11-23', '5:38:48 PM', 'b4:99:ba:eb:a3:a2', 10, 1),
(819, '2020-11-23', '5:38:51 PM', '74:c1:7d:7d:78:f7', 10, 2),
(820, '2020-11-23', '5:38:53 PM', '7e:67:a2:a8:3f:5e', 10, 3),
(821, '2020-11-23', '5:38:56 PM', 'c8:3a:35:01:c2:68', 11, 4),
(822, '2020-11-23', '5:39:07 PM', '3c:33:00:5f:2d:02', 11, 5),
(823, '2020-11-23', '5:39:10 PM', '48:4d:7e:b9:55:c5', 11, 6),
(824, '2020-11-23', '5:39:13 PM', '68:72:51:59:6e:f4', 11, 7),
(825, '2020-11-23', '5:39:15 PM', '7c:67:a2:a8:3f:5e', 11, 8),
(826, '2020-11-23', '5:39:18 PM', 'b4:99:ba:eb:a3:a2', 11, 1),
(827, '2020-11-23', '5:39:21 PM', '74:c1:7d:7d:78:f7', 11, 2),
(828, '2020-11-23', '5:39:24 PM', '7e:67:a2:a8:3f:5e', 11, 3),
(829, '2020-11-23', '5:39:27 PM', 'c8:3a:35:01:c2:68', 11, 4),
(830, '2020-11-23', '5:39:30 PM', '68:72:51:58:79:61', 11, 5),
(831, '2020-11-23', '5:39:40 PM', '3c:33:00:5f:2d:02', 11, 6),
(832, '2020-11-23', '5:39:43 PM', 'd0:7e:28:d9:7e:36', 11, 7),
(833, '2020-11-23', '5:39:46 PM', '48:4d:7e:b9:55:c5', 11, 8);
INSERT INTO `data` (`Serialno`, `Date`, `Time`, `MAC`, `NodeID`, `ConsumerID`) VALUES
(834, '2020-11-23', '5:39:48 PM', '68:72:51:59:6e:f4', 11, 1),
(835, '2020-11-23', '5:39:51 PM', '7c:67:a2:a8:3f:5e', 11, 2),
(836, '2020-11-23', '5:39:54 PM', 'b4:99:ba:eb:a3:a2', 11, 3),
(837, '2020-11-23', '5:39:57 PM', '74:c1:7d:7d:78:f7', 11, 4),
(838, '2020-11-23', '5:39:59 PM', '7e:67:a2:a8:3f:5e', 11, 5),
(839, '2020-11-23', '5:40:02 PM', 'c8:3a:35:01:c2:68', 11, 6),
(840, '2020-11-23', '5:40:13 PM', '3c:33:00:5f:2d:02', 11, 7),
(841, '2020-11-23', '5:40:16 PM', '48:4d:7e:b9:55:c5', 11, 8),
(842, '2020-11-23', '5:40:19 PM', '68:72:51:59:6e:f4', 11, 1),
(843, '2020-11-23', '5:40:22 PM', '7c:67:a2:a8:3f:5e', 11, 2),
(844, '2020-11-23', '5:40:25 PM', 'b4:99:ba:eb:a3:a2', 11, 3),
(845, '2020-11-23', '5:40:28 PM', '74:c1:7d:7d:78:f7', 11, 4),
(846, '2020-11-23', '5:40:31 PM', '36:a2:1d:90:28:ca', 11, 5),
(847, '2020-11-23', '5:40:33 PM', '7e:67:a2:a8:3f:5e', 11, 6),
(848, '2020-11-23', '5:40:36 PM', 'c8:3a:35:01:c2:68', 11, 7),
(849, '2020-11-23', '5:40:47 PM', '3c:33:00:5f:2d:02', 11, 8),
(850, '2020-11-23', '5:40:50 PM', '48:4d:7e:b9:55:c5', 11, 1),
(851, '2020-11-23', '5:40:52 PM', '7c:67:a2:a8:3f:5e', 11, 2),
(852, '2020-11-23', '5:40:55 PM', 'b4:99:ba:eb:a3:a2', 11, 3),
(853, '2020-11-23', '5:40:58 PM', '74:c1:7d:7d:78:f7', 11, 4),
(854, '2020-11-23', '5:41:01 PM', '36:a2:1d:90:28:ca', 11, 5),
(855, '2020-11-23', '5:41:04 PM', '7e:67:a2:a8:3f:5e', 11, 6),
(856, '2020-11-23', '5:41:07 PM', 'c8:3a:35:01:c2:68', 11, 7),
(857, '2020-11-23', '5:41:18 PM', 'f4:b7:e2:c8:8e:65', 11, 8),
(858, '2020-11-23', '5:41:20 PM', '7c:67:a2:a8:3f:5e', 11, 1),
(859, '2020-11-23', '5:41:23 PM', 'b4:99:ba:eb:a3:a2', 11, 2),
(860, '2020-11-23', '5:41:26 PM', '74:c1:7d:7d:78:f7', 11, 3),
(861, '2020-11-23', '5:41:29 PM', '36:a2:1d:90:28:ca', 11, 4),
(862, '2020-11-23', '5:41:31 PM', 'd8:47:32:f3:89:08', 11, 5),
(863, '2020-11-23', '5:41:34 PM', '7e:67:a2:a8:3f:5e', 11, 6),
(864, '2020-11-23', '5:41:37 PM', 'c8:3a:35:01:c2:68', 11, 7),
(865, '2020-11-23', '5:41:48 PM', 'f4:b7:e2:c8:8e:65', 11, 8),
(866, '2020-11-23', '5:41:50 PM', '7c:67:a2:a8:3f:5e', 11, 1),
(867, '2020-11-23', '5:41:53 PM', 'b4:99:ba:eb:a3:a2', 11, 2),
(868, '2020-11-23', '5:41:56 PM', '74:c1:7d:7d:78:f7', 11, 3),
(869, '2020-11-23', '5:41:59 PM', '36:a2:1d:90:28:ca', 11, 4),
(870, '2020-11-23', '5:42:02 PM', 'd8:47:32:f3:89:08', 11, 5),
(871, '2020-11-23', '5:42:05 PM', '7e:67:a2:a8:3f:5e', 12, 6),
(872, '2020-11-23', '5:42:07 PM', 'c8:3a:35:01:c2:68', 12, 7),
(873, '2020-11-23', '5:42:18 PM', 'f4:b7:e2:c8:8e:65', 12, 8),
(874, '2020-11-23', '5:42:21 PM', '7c:67:a2:a8:3f:5e', 12, 3),
(875, '2020-11-23', '5:42:24 PM', 'b4:99:ba:eb:a3:a2', 12, 4),
(876, '2020-11-23', '5:42:27 PM', '74:c1:7d:7d:78:f7', 12, 5),
(877, '2020-11-23', '5:42:29 PM', '36:a2:1d:90:28:ca', 12, 6),
(878, '2020-11-23', '5:42:32 PM', '7e:67:a2:a8:3f:5e', 12, 7),
(879, '2020-11-23', '5:42:35 PM', 'c8:3a:35:01:c2:68', 12, 8),
(880, '2020-11-23', '5:42:50 PM', 'f4:b7:e2:c8:8e:65', 12, 1),
(881, '2020-11-23', '5:42:53 PM', '7c:67:a2:a8:3f:5e', 12, 2),
(882, '2020-11-23', '5:42:55 PM', 'b4:99:ba:eb:a3:a2', 12, 3),
(883, '2020-11-23', '5:42:58 PM', '74:c1:7d:7d:78:f7', 12, 4),
(884, '2020-11-23', '5:43:01 PM', '36:a2:1d:90:28:ca', 12, 5),
(885, '2020-11-23', '5:43:03 PM', '7e:67:a2:a8:3f:5e', 12, 6),
(886, '2020-11-23', '5:43:07 PM', 'c8:3a:35:01:c2:68', 12, 7),
(887, '2020-11-23', '5:43:09 PM', '68:72:51:58:79:61', 12, 8),
(888, '2020-11-23', '5:43:20 PM', 'f4:b7:e2:c8:8e:65', 12, 1),
(889, '2020-11-23', '5:43:23 PM', '7c:67:a2:a8:3f:5e', 12, 2),
(890, '2020-11-23', '5:43:26 PM', 'b4:99:ba:eb:a3:a2', 12, 3),
(891, '2020-11-23', '5:43:29 PM', '74:c1:7d:7d:78:f7', 12, 4),
(892, '2020-11-23', '5:43:32 PM', '36:a2:1d:90:28:ca', 12, 5),
(893, '2020-11-23', '5:43:35 PM', '7e:67:a2:a8:3f:5e', 12, 6),
(894, '2020-11-23', '5:43:38 PM', 'c8:3a:35:01:c2:68', 12, 7),
(895, '2020-11-23', '5:43:48 PM', 'f4:b7:e2:c8:8e:65', 12, 8),
(896, '2020-11-23', '5:43:52 PM', '7c:67:a2:a8:3f:5e', 12, 1),
(897, '2020-11-23', '5:43:55 PM', 'b4:99:ba:eb:a3:a2', 12, 2),
(898, '2020-11-23', '5:43:58 PM', '74:c1:7d:7d:78:f7', 12, 3),
(899, '2020-11-23', '5:44:01 PM', '36:a2:1d:90:28:ca', 12, 4),
(900, '2020-11-23', '5:44:04 PM', '26:b7:e2:c8:8e:65', 12, 5),
(901, '2020-11-23', '5:44:07 PM', '7e:67:a2:a8:3f:5e', 12, 6),
(902, '2020-11-23', '5:44:10 PM', 'c8:3a:35:01:c2:68', 12, 7),
(903, '2020-11-23', '5:44:21 PM', 'f4:b7:e2:c8:8e:65', 12, 8),
(904, '2020-11-23', '5:44:32 PM', '7c:67:a2:a8:3f:5e', 12, 1),
(905, '2020-11-23', '5:44:35 PM', 'b4:99:ba:eb:a3:a2', 12, 2),
(906, '2020-11-23', '5:44:39 PM', '74:c1:7d:7d:78:f7', 12, 3),
(907, '2020-11-23', '5:44:42 PM', '36:a2:1d:90:28:ca', 12, 4),
(908, '2020-11-23', '5:44:45 PM', '26:b7:e2:c8:8e:65', 12, 5),
(909, '2020-11-23', '5:44:48 PM', '7e:67:a2:a8:3f:5e', 12, 6),
(910, '2020-11-23', '5:44:50 PM', 'c8:3a:35:01:c2:68', 12, 7),
(911, '2020-11-23', '5:45:01 PM', '7c:67:a2:a8:3f:5e', 12, 8),
(912, '2020-11-23', '5:45:04 PM', 'b4:99:ba:eb:a3:a2', 12, 1),
(913, '2020-11-23', '5:45:07 PM', '74:c1:7d:7d:78:f7', 12, 2),
(914, '2020-11-23', '5:45:11 PM', '36:a2:1d:90:28:ca', 12, 3),
(915, '2020-11-23', '5:45:13 PM', '26:b7:e2:c8:8e:65', 12, 4),
(916, '2020-11-23', '5:45:16 PM', 'd8:47:32:f3:89:08', 12, 5),
(917, '2020-11-23', '5:45:19 PM', '7e:67:a2:a8:3f:5e', 12, 6),
(918, '2020-11-23', '5:45:22 PM', 'c8:3a:35:01:c2:68', 12, 7),
(919, '2020-11-23', '5:45:33 PM', '7c:67:a2:a8:3f:5e', 12, 8),
(920, '2020-11-23', '5:45:36 PM', 'b4:99:ba:eb:a3:a2', 12, 1),
(921, '2020-11-23', '5:45:38 PM', '74:c1:7d:7d:78:f7', 1, 2),
(922, '2020-11-23', '5:45:49 PM', '36:a2:1d:90:28:ca', 1, 3),
(923, '2020-11-23', '5:45:52 PM', '26:b7:e2:c8:8e:65', 1, 4),
(924, '2020-11-23', '5:45:54 PM', '7e:67:a2:a8:3f:5e', 1, 5),
(925, '2020-11-23', '5:45:57 PM', '68:72:51:58:79:61', 1, 6),
(926, '2020-11-23', '5:46:08 PM', '7c:67:a2:a8:3f:5e', 1, 7),
(927, '2020-11-23', '5:46:11 PM', 'b4:99:ba:eb:a3:a2', 1, 8),
(928, '2020-11-23', '5:46:15 PM', '74:c1:7d:7d:78:f7', 1, 1),
(929, '2020-11-23', '5:46:18 PM', '26:b7:e2:c8:8e:65', 1, 2),
(930, '2020-11-23', '5:46:21 PM', '7e:67:a2:a8:3f:5e', 1, 3),
(931, '2020-11-23', '5:46:32 PM', '7c:67:a2:a8:3f:5e', 1, 4),
(932, '2020-11-23', '5:46:35 PM', 'b4:99:ba:eb:a3:a2', 1, 5),
(933, '2020-11-23', '5:46:38 PM', '74:c1:7d:7d:78:f7', 1, 6),
(934, '2020-11-23', '5:46:40 PM', '26:b7:e2:c8:8e:65', 1, 7),
(935, '2020-11-23', '5:46:43 PM', '7e:67:a2:a8:3f:5e', 1, 8),
(936, '2020-11-23', '5:46:46 PM', 'c8:3a:35:01:c2:68', 1, 1),
(937, '2020-11-23', '5:46:57 PM', '7c:67:a2:a8:3f:5e', 1, 2),
(938, '2020-11-23', '5:47:01 PM', 'b4:99:ba:eb:a3:a2', 1, 3),
(939, '2020-11-23', '5:47:04 PM', '74:c1:7d:7d:78:f7', 1, 4),
(940, '2020-11-23', '5:47:07 PM', '26:b7:e2:c8:8e:65', 1, 5),
(941, '2020-11-23', '5:47:10 PM', '7e:67:a2:a8:3f:5e', 1, 6),
(942, '2020-11-23', '5:47:13 PM', 'ca:3a:35:45:92:49', 1, 7),
(943, '2020-11-23', '5:47:16 PM', 'c8:3a:35:01:c2:68', 1, 8),
(944, '2020-11-23', '5:47:21 PM', 'c8:3a:35:45:92:48', 1, 1),
(945, '2020-11-23', '5:47:24 PM', '68:72:51:58:79:61', 1, 2),
(946, '2020-11-23', '5:47:39 PM', '7c:67:a2:a8:3f:5e', 1, 3),
(947, '2020-11-23', '5:47:42 PM', 'b4:99:ba:eb:a3:a2', 1, 4),
(948, '2020-11-23', '5:47:47 PM', '74:c1:7d:7d:78:f7', 1, 5),
(949, '2020-11-23', '5:47:55 PM', '26:b7:e2:c8:8e:65', 1, 6),
(950, '2020-11-23', '5:47:58 PM', 'c0:33:5e:4e:ae:dd', 1, 7),
(951, '2020-11-23', '5:48:01 PM', '7e:67:a2:a8:3f:5e', 1, 8),
(952, '2020-11-23', '5:48:05 PM', 'c8:3a:35:01:c2:68', 1, 1),
(953, '2020-11-23', '5:48:20 PM', '7c:67:a2:a8:3f:5e', 1, 2),
(954, '2020-11-23', '5:48:23 PM', 'b4:99:ba:eb:a3:a2', 1, 3),
(955, '2020-11-23', '5:48:26 PM', '74:c1:7d:7d:78:f7', 1, 4),
(956, '2020-11-23', '5:48:29 PM', '26:b7:e2:c8:8e:65', 1, 5),
(957, '2020-11-23', '5:48:32 PM', 'c0:33:5e:4e:ae:dd', 1, 6),
(958, '2020-11-23', '5:48:35 PM', '7e:67:a2:a8:3f:5e', 1, 7),
(959, '2020-11-23', '5:48:38 PM', 'c8:3a:35:01:c2:68', 1, 8),
(960, '2020-11-23', '5:48:41 PM', '68:72:51:58:79:61', 1, 1),
(961, '2020-11-23', '5:48:51 PM', '7c:67:a2:a8:3f:5e', 1, 2),
(962, '2020-11-23', '5:48:54 PM', 'b4:99:ba:eb:a3:a2', 1, 3),
(963, '2020-11-23', '5:48:57 PM', '74:c1:7d:7d:78:f7', 1, 4),
(964, '2020-11-23', '5:49:00 PM', '26:b7:e2:c8:8e:65', 1, 5),
(965, '2020-11-23', '5:49:03 PM', 'c0:33:5e:4e:ae:dd', 1, 6),
(966, '2020-11-23', '5:49:05 PM', 'c0:2e:25:54:1d:79', 1, 7),
(967, '2020-11-23', '5:49:08 PM', '7e:67:a2:a8:3f:5e', 1, 8),
(968, '2020-11-23', '5:49:11 PM', 'c8:3a:35:01:c2:68', 1, 1),
(969, '2020-11-23', '5:49:22 PM', '7c:67:a2:a8:3f:5e', 1, 2),
(970, '2020-11-23', '5:49:25 PM', 'b4:99:ba:eb:a3:a2', 1, 3),
(971, '2020-11-23', '5:49:29 PM', '74:c1:7d:7d:78:f7', 1, 4),
(972, '2020-11-23', '5:49:34 PM', '26:b7:e2:c8:8e:65', 1, 5),
(973, '2020-11-23', '5:49:39 PM', 'c0:33:5e:4e:ae:dd', 1, 6),
(974, '2020-11-23', '5:49:42 PM', '7e:67:a2:a8:3f:5e', 1, 7),
(975, '2020-11-23', '5:49:45 PM', 'c8:3a:35:01:c2:68', 1, 8),
(976, '2020-11-23', '5:49:54 PM', '7c:67:a2:a8:3f:5e', 1, 1),
(977, '2020-11-23', '5:49:57 PM', 'b4:99:ba:eb:a3:a2', 1, 2),
(978, '2020-11-23', '5:50:00 PM', '74:c1:7d:7d:78:f7', 1, 3),
(979, '2020-11-23', '5:50:06 PM', '26:b7:e2:c8:8e:65', 1, 4),
(980, '2020-11-23', '5:50:09 PM', 'c0:33:5e:4e:ae:dd', 1, 5),
(981, '2020-11-23', '5:50:12 PM', '7e:67:a2:a8:3f:5e', 1, 6),
(982, '2020-11-23', '5:50:15 PM', 'c8:3a:35:01:c2:68', 1, 7),
(983, '2020-11-23', '5:50:24 PM', 'e8:65:d4:e3:a7:00', 1, 8),
(984, '2020-11-23', '5:50:28 PM', '7c:67:a2:a8:3f:5e', 1, 1),
(985, '2020-11-23', '5:50:31 PM', 'b4:99:ba:eb:a3:a2', 1, 2),
(986, '2020-11-23', '5:50:34 PM', '74:c1:7d:7d:78:f7', 1, 3),
(987, '2020-11-23', '5:50:37 PM', '26:b7:e2:c8:8e:65', 1, 4),
(988, '2020-11-23', '5:50:40 PM', 'c0:33:5e:4e:ae:dd', 1, 5),
(989, '2020-11-23', '5:50:43 PM', '7e:67:a2:a8:3f:5e', 1, 6),
(990, '2020-11-23', '5:50:45 PM', 'c8:3a:35:01:c2:68', 1, 7),
(991, '2020-11-23', '5:51:00 PM', 'e8:65:d4:e3:a7:00', 1, 8),
(992, '2020-11-23', '5:51:04 PM', '7c:67:a2:a8:3f:5e', 1, 1),
(993, '2020-11-23', '5:51:11 PM', 'b4:99:ba:eb:a3:a2', 1, 2),
(994, '2020-11-23', '5:51:14 PM', '74:c1:7d:7d:78:f7', 1, 3),
(995, '2020-11-23', '5:51:17 PM', '26:b7:e2:c8:8e:65', 1, 4),
(996, '2020-11-23', '5:51:20 PM', 'c0:33:5e:4e:ae:dd', 1, 5),
(997, '2020-11-23', '5:51:24 PM', '7e:67:a2:a8:3f:5e', 1, 6),
(998, '2020-11-23', '5:51:27 PM', 'c8:3a:35:01:c2:68', 1, 7),
(999, '2020-11-23', '5:51:35 PM', 'e8:65:d4:e3:a7:00', 1, 8),
(1000, '2020-11-23', '5:51:39 PM', '2c:f0:5d:09:3c:89', 1, 1),
(1001, '2020-11-23', '5:51:43 PM', '7c:67:a2:a8:3f:5e', 1, 2),
(1002, '2020-11-23', '5:51:46 PM', 'b4:99:ba:eb:a3:a2', 1, 3),
(1003, '2020-11-23', '5:51:50 PM', '74:c1:7d:7d:78:f7', 1, 4),
(1004, '2020-11-23', '5:51:55 PM', '26:b7:e2:c8:8e:65', 1, 5),
(1005, '2020-11-23', '5:51:58 PM', 'c0:33:5e:4e:ae:dd', 1, 6),
(1006, '2020-11-23', '5:52:01 PM', 'd8:47:32:f3:89:08', 1, 7),
(1007, '2020-11-23', '5:52:04 PM', '7e:67:a2:a8:3f:5e', 1, 8),
(1008, '2020-11-23', '5:52:08 PM', 'c8:3a:35:01:c2:68', 1, 3),
(1009, '2020-11-23', '5:52:16 PM', 'e8:65:d4:e3:a7:00', 1, 4),
(1010, '2020-11-23', '5:52:20 PM', '2c:f0:5d:09:3c:89', 1, 5),
(1011, '2020-11-23', '5:52:24 PM', '7c:67:a2:a8:3f:5e', 1, 6),
(1012, '2020-11-23', '5:52:28 PM', 'b4:99:ba:eb:a3:a2', 1, 7),
(1013, '2020-11-23', '5:52:31 PM', '74:c1:7d:7d:78:f7', 1, 8),
(1014, '2020-11-23', '5:52:35 PM', '26:b7:e2:c8:8e:65', 1, 1),
(1015, '2020-11-23', '5:52:39 PM', 'c0:33:5e:4e:ae:dd', 1, 2),
(1016, '2020-11-23', '5:52:43 PM', '7e:67:a2:a8:3f:5e', 1, 3),
(1017, '2020-11-23', '5:52:46 PM', 'c8:3a:35:01:c2:68', 1, 4),
(1018, '2020-11-23', '5:52:57 PM', '2c:f0:5d:09:3c:89', 1, 5),
(1019, '2020-11-23', '5:53:00 PM', '7c:67:a2:a8:3f:5e', 1, 6),
(1020, '2020-11-23', '5:53:04 PM', 'b4:99:ba:eb:a3:a2', 1, 7);

-- --------------------------------------------------------

--
-- Table structure for table `data_prediction`
--

CREATE TABLE `data_prediction` (
  `Serialno` int(11) NOT NULL,
  `PredictionID` int(11) NOT NULL
) ENGINE=InnoDB DEFAULT CHARSET=utf8;

-- --------------------------------------------------------

--
-- Table structure for table `device`
--

CREATE TABLE `device` (
  `NodeID` int(11) NOT NULL,
  `Status` varchar(45) DEFAULT NULL,
  `Location` varchar(45) DEFAULT NULL,
  `StoreID` int(11) NOT NULL
) ENGINE=InnoDB DEFAULT CHARSET=utf8;

--
-- Dumping data for table `device`
--

INSERT INTO `device` (`NodeID`, `Status`, `Location`, `StoreID`) VALUES
(1, 'True', 'North', 1),
(2, 'True', 'South', 1),
(3, 'False', 'West', 1),
(4, 'True', 'North', 11),
(5, 'True', 'South', 11),
(6, 'True', 'South', 2),
(7, 'True', 'South', 2),
(8, 'True', 'West', 9),
(9, 'False', 'East', 9),
(10, 'True', 'North', 7),
(11, 'False', 'South', 7),
(12, 'True', 'West', 10);

-- --------------------------------------------------------

--
-- Table structure for table `forecast`
--

CREATE TABLE `forecast` (
  `ForecastID` int(11) NOT NULL,
  `StoreID` int(11) NOT NULL,
  `PredictionID` int(11) NOT NULL,
  `Name` int(11) NOT NULL,
  `DataTable` varchar(45) DEFAULT NULL
) ENGINE=InnoDB DEFAULT CHARSET=utf8;

-- --------------------------------------------------------

--
-- Table structure for table `orders`
--

CREATE TABLE `orders` (
  `order_id` int(11) NOT NULL,
  `order_date` date NOT NULL,
  `client_name` varchar(255) NOT NULL,
  `client_contact` varchar(255) NOT NULL,
  `sub_total` varchar(255) NOT NULL,
  `vat` varchar(255) NOT NULL,
  `total_amount` varchar(255) NOT NULL,
  `discount` varchar(255) NOT NULL,
  `grand_total` varchar(255) NOT NULL,
  `paid` varchar(255) NOT NULL,
  `due` varchar(255) NOT NULL,
  `payment_type` int(11) NOT NULL,
  `payment_status` int(11) NOT NULL,
  `payment_place` int(11) NOT NULL,
  `gstn` varchar(255) NOT NULL,
  `order_status` int(11) NOT NULL DEFAULT 0,
  `user_id` int(11) NOT NULL
) ENGINE=InnoDB DEFAULT CHARSET=latin1;

-- --------------------------------------------------------

--
-- Table structure for table `order_item`
--

CREATE TABLE `order_item` (
  `order_item_id` int(11) NOT NULL,
  `order_id` int(11) NOT NULL DEFAULT 0,
  `product_id` int(11) NOT NULL DEFAULT 0,
  `quantity` varchar(255) NOT NULL,
  `rate` varchar(255) NOT NULL,
  `total` varchar(255) NOT NULL,
  `order_item_status` int(11) NOT NULL DEFAULT 0
) ENGINE=InnoDB DEFAULT CHARSET=latin1;

-- --------------------------------------------------------

--
-- Table structure for table `prediction`
--

CREATE TABLE `prediction` (
  `PredictionID` int(11) NOT NULL,
  `Model` varchar(45) NOT NULL,
  `TrainSet` int(11) DEFAULT NULL,
  `ValidationSet` int(11) DEFAULT NULL,
  `Period` int(11) DEFAULT NULL,
  `AbsoluteR` float DEFAULT NULL,
  `MSE` float DEFAULT NULL,
  `Rvalue` float DEFAULT NULL
) ENGINE=InnoDB DEFAULT CHARSET=utf8;

-- --------------------------------------------------------

--
-- Table structure for table `product`
--

CREATE TABLE `product` (
  `product_id` int(11) NOT NULL,
  `product_name` varchar(255) NOT NULL,
  `product_image` text NOT NULL,
  `brand_id` int(11) NOT NULL,
  `categories_id` int(11) NOT NULL,
  `quantity` varchar(255) NOT NULL,
  `rate` varchar(255) NOT NULL,
  `active` int(11) NOT NULL DEFAULT 0,
  `status` int(11) NOT NULL DEFAULT 0
) ENGINE=InnoDB DEFAULT CHARSET=latin1;

-- --------------------------------------------------------

--
-- Table structure for table `store`
--

CREATE TABLE `store` (
  `StoreID` int(11) NOT NULL,
  `Brand` varchar(45) NOT NULL,
  `Location` varchar(45) DEFAULT NULL,
  `Size` varchar(45) DEFAULT NULL,
  `BrandID` int(11) NOT NULL
) ENGINE=InnoDB DEFAULT CHARSET=utf8;

--
-- Dumping data for table `store`
--

INSERT INTO `store` (`StoreID`, `Brand`, `Location`, `Size`, `BrandID`) VALUES
(1, 'Nike', 'Centaurus', 'M', 1),
(2, 'Khadi', 'Giga Mall', 'L', 2),
(3, 'Bonanza', 'Giga Mall', 'L', 3),
(4, 'Adidas', 'Giga Mall', 'S', 4),
(5, 'Khaas', 'Centaurus', 'S', 5),
(6, 'Polo', 'Giga Mall', 'L', 6),
(7, 'Bata', 'Centaurus', 'M', 7),
(8, 'Apple', 'Giga Mall', 'S', 8),
(9, 'Khadi', 'Atrium Mall', 'L', 2),
(10, 'Bata', 'Dolmen Mall', 'S', 7),
(11, 'Nike', 'Dolmen Mall', 'M', 1);

-- --------------------------------------------------------

--
-- Table structure for table `users`
--

CREATE TABLE `users` (
  `user_id` int(11) NOT NULL,
  `username` varchar(255) NOT NULL,
  `password` varchar(255) NOT NULL,
  `email` varchar(255) NOT NULL
) ENGINE=InnoDB DEFAULT CHARSET=latin1;

--
-- Dumping data for table `users`
--

INSERT INTO `users` (`user_id`, `username`, `password`, `email`) VALUES
(1, 'omar', 'Admin', ''),
(14, 'admin', 'Admin', 'shariqhameed97@gmail.com');

--
-- Indexes for dumped tables
--

--
-- Indexes for table `brand`
--
ALTER TABLE `brand`
  ADD PRIMARY KEY (`BrandID`);

--
-- Indexes for table `brands`
--
ALTER TABLE `brands`
  ADD PRIMARY KEY (`brand_id`);

--
-- Indexes for table `categories`
--
ALTER TABLE `categories`
  ADD PRIMARY KEY (`categories_id`);

--
-- Indexes for table `consumer`
--
ALTER TABLE `consumer`
  ADD PRIMARY KEY (`ConsumerID`);

--
-- Indexes for table `data`
--
ALTER TABLE `data`
  ADD PRIMARY KEY (`Serialno`),
  ADD KEY `NodeID_idx` (`NodeID`),
  ADD KEY `ConsumerID_idx` (`ConsumerID`);

--
-- Indexes for table `data_prediction`
--
ALTER TABLE `data_prediction`
  ADD PRIMARY KEY (`Serialno`,`PredictionID`),
  ADD KEY `PredictionID_idx` (`PredictionID`);

--
-- Indexes for table `device`
--
ALTER TABLE `device`
  ADD PRIMARY KEY (`NodeID`),
  ADD KEY `StoreID_idx` (`StoreID`);

--
-- Indexes for table `forecast`
--
ALTER TABLE `forecast`
  ADD PRIMARY KEY (`ForecastID`),
  ADD KEY `StoreID_idx` (`StoreID`),
  ADD KEY `PredictionID_idx` (`PredictionID`),
  ADD KEY `PredictionID_idxcol` (`PredictionID`);

--
-- Indexes for table `orders`
--
ALTER TABLE `orders`
  ADD PRIMARY KEY (`order_id`);

--
-- Indexes for table `order_item`
--
ALTER TABLE `order_item`
  ADD PRIMARY KEY (`order_item_id`);

--
-- Indexes for table `prediction`
--
ALTER TABLE `prediction`
  ADD PRIMARY KEY (`PredictionID`);

--
-- Indexes for table `product`
--
ALTER TABLE `product`
  ADD PRIMARY KEY (`product_id`);

--
-- Indexes for table `store`
--
ALTER TABLE `store`
  ADD PRIMARY KEY (`StoreID`),
  ADD KEY `BrandID_idx` (`BrandID`);

--
-- Indexes for table `users`
--
ALTER TABLE `users`
  ADD PRIMARY KEY (`user_id`);

--
-- AUTO_INCREMENT for dumped tables
--

--
-- AUTO_INCREMENT for table `brands`
--
ALTER TABLE `brands`
  MODIFY `brand_id` int(11) NOT NULL AUTO_INCREMENT, AUTO_INCREMENT=9;

--
-- AUTO_INCREMENT for table `categories`
--
ALTER TABLE `categories`
  MODIFY `categories_id` int(11) NOT NULL AUTO_INCREMENT;

--
-- AUTO_INCREMENT for table `orders`
--
ALTER TABLE `orders`
  MODIFY `order_id` int(11) NOT NULL AUTO_INCREMENT;

--
-- AUTO_INCREMENT for table `order_item`
--
ALTER TABLE `order_item`
  MODIFY `order_item_id` int(11) NOT NULL AUTO_INCREMENT;

--
-- AUTO_INCREMENT for table `product`
--
ALTER TABLE `product`
  MODIFY `product_id` int(11) NOT NULL AUTO_INCREMENT;

--
-- AUTO_INCREMENT for table `users`
--
ALTER TABLE `users`
  MODIFY `user_id` int(11) NOT NULL AUTO_INCREMENT, AUTO_INCREMENT=15;

--
-- Constraints for dumped tables
--

--
-- Constraints for table `data`
--
ALTER TABLE `data`
  ADD CONSTRAINT `ConsumerID` FOREIGN KEY (`ConsumerID`) REFERENCES `consumer` (`ConsumerID`) ON DELETE NO ACTION ON UPDATE NO ACTION,
  ADD CONSTRAINT `NodeID` FOREIGN KEY (`NodeID`) REFERENCES `device` (`NodeID`) ON DELETE NO ACTION ON UPDATE NO ACTION;

--
-- Constraints for table `data_prediction`
--
ALTER TABLE `data_prediction`
  ADD CONSTRAINT `PredictionID` FOREIGN KEY (`PredictionID`) REFERENCES `prediction` (`PredictionID`) ON DELETE NO ACTION ON UPDATE NO ACTION,
  ADD CONSTRAINT `Serialno` FOREIGN KEY (`Serialno`) REFERENCES `data` (`Serialno`) ON DELETE NO ACTION ON UPDATE NO ACTION;

--
-- Constraints for table `device`
--
ALTER TABLE `device`
  ADD CONSTRAINT `StoreIDFK` FOREIGN KEY (`StoreID`) REFERENCES `store` (`StoreID`) ON DELETE CASCADE ON UPDATE CASCADE;

--
-- Constraints for table `forecast`
--
ALTER TABLE `forecast`
  ADD CONSTRAINT `PredictionIDFK` FOREIGN KEY (`PredictionID`) REFERENCES `prediction` (`PredictionID`) ON DELETE NO ACTION ON UPDATE NO ACTION,
  ADD CONSTRAINT `StoreID` FOREIGN KEY (`StoreID`) REFERENCES `store` (`StoreID`) ON DELETE NO ACTION ON UPDATE NO ACTION;

--
-- Constraints for table `store`
--
ALTER TABLE `store`
  ADD CONSTRAINT `BrandID` FOREIGN KEY (`BrandID`) REFERENCES `brand` (`BrandID`) ON DELETE NO ACTION ON UPDATE CASCADE;
COMMIT;

/*!40101 SET CHARACTER_SET_CLIENT=@OLD_CHARACTER_SET_CLIENT */;
/*!40101 SET CHARACTER_SET_RESULTS=@OLD_CHARACTER_SET_RESULTS */;
/*!40101 SET COLLATION_CONNECTION=@OLD_COLLATION_CONNECTION */;
